[{"search_terms":"b3icon-scale","unicode":"b3lineicon|b3icon-scale|&#xe900;|Scale","name":"b3icon-scale","styles":["b3lineicon"],"is_divi_icon":false,"font_weight":400},{"search_terms":"b3icon-file-text","unicode":"b3lineicon|b3icon-file-text|&#xe901;|File Text","name":"b3icon-file-text","styles":["b3lineicon"],"is_divi_icon":false,"font_weight":400},{"search_terms":"b3icon-skyscraper","unicode":"b3lineicon|b3icon-skyscraper|&#xe902;|Sky Scraper","name":"b3icon-skyscraper","styles":["b3lineicon"],"is_divi_icon":false,"font_weight":400},{"search_terms":"b3icon-briefcase","unicode":"b3lineicon|b3icon-briefcase|&#xe903;|Briefcase","name":"b3icon-briefcase","styles":["b3lineicon"],"is_divi_icon":false,"font_weight":400},{"search_terms":"b3icon-chess-knight","unicode":"b3lineicon|b3icon-chess-knight|&#xe904;|Chess Knight","name":"b3icon-chess-knight","styles":["b3lineicon"],"is_divi_icon":false,"font_weight":400},{"search_terms":"b3icon-shield-law","unicode":"b3lineicon|b3icon-shield-law|&#xe905;|Shield Law","name":"b3icon-shield-law","styles":["b3lineicon"],"is_divi_icon":false,"font_weight":400},{"search_terms":"b3icon-coffee","unicode":"b3lineicon|b3icon-coffee|&#xe906;|Coffee","name":"b3icon-coffee","styles":["b3lineicon"],"is_divi_icon":false,"font_weight":400},{"search_terms":"b3icon-badge","unicode":"b3lineicon|b3icon-badge|&#xe907;|Badge","name":"b3icon-badge","styles":["b3lineicon"],"is_divi_icon":false,"font_weight":400},{"search_terms":"b3icon-university","unicode":"b3lineicon|b3icon-university|&#xe908;|University","name":"b3icon-university","styles":["b3lineicon"],"is_divi_icon":false,"font_weight":400},{"search_terms":"b3icon-copyrights","unicode":"b3lineicon|b3icon-copyrights|&#xe909;|Copyrights","name":"b3icon-copyrights","styles":["b3lineicon"],"is_divi_icon":false,"font_weight":400},{"search_terms":"b3icon-gavel","unicode":"b3lineicon|b3icon-gavel|&#xe90a;|Gavel","name":"b3icon-gavel","styles":["b3lineicon"],"is_divi_icon":false,"font_weight":400},{"search_terms":"b3icon-book-law","unicode":"b3lineicon|b3icon-book-law|&#xe90b;|Book Law","name":"b3icon-book-law","styles":["b3lineicon"],"is_divi_icon":false,"font_weight":400},{"search_terms":"b3icon-handcuffs","unicode":"b3lineicon|b3icon-handcuffs|&#xe90c;|Handcuffs","name":"b3icon-handcuffs","styles":["b3lineicon"],"is_divi_icon":false,"font_weight":400},{"search_terms":"b3icon-books","unicode":"b3lineicon|b3icon-books|&#xe90d;|Books","name":"b3icon-books","styles":["b3lineicon"],"is_divi_icon":false,"font_weight":400},{"search_terms":"b3icon-safe","unicode":"b3lineicon|b3icon-safe|&#xe90e;|Safe","name":"b3icon-safe","styles":["b3lineicon"],"is_divi_icon":false,"font_weight":400},{"search_terms":"b3icon-book","unicode":"b3lineicon|b3icon-book|&#xe90f;|Book","name":"b3icon-book","styles":["b3lineicon"],"is_divi_icon":false,"font_weight":400},{"search_terms":"b3icon-policeman-hat","unicode":"b3lineicon|b3icon-policeman-hat|&#xe910;|Policeman Hat","name":"b3icon-policeman-hat","styles":["b3lineicon"],"is_divi_icon":false,"font_weight":400},{"search_terms":"b3icon-certificate","unicode":"b3lineicon|b3icon-certificate|&#xe911;|Certificate","name":"b3icon-certificate","styles":["b3lineicon"],"is_divi_icon":false,"font_weight":400},{"search_terms":"b3icon-signed-document","unicode":"b3lineicon|b3icon-signed-document|&#xe912;|Signed Document","name":"b3icon-signed-document","styles":["b3lineicon"],"is_divi_icon":false,"font_weight":400},{"search_terms":"b3icon-sake","unicode":"b3lineicon|b3icon-sake|&#xe913;|Sake","name":"b3icon-sake","styles":["b3lineicon"],"is_divi_icon":false,"font_weight":400},{"search_terms":"b3icon-currency-euro","unicode":"b3lineicon|b3icon-currency-euro|&#xe914;|Currency Euro","name":"b3icon-currency-euro","styles":["b3lineicon"],"is_divi_icon":false,"font_weight":400},{"search_terms":"b3icon-padlock","unicode":"b3lineicon|b3icon-padlock|&#xe915;|Padlock","name":"b3icon-padlock","styles":["b3lineicon"],"is_divi_icon":false,"font_weight":400},{"search_terms":"b3icon-jury","unicode":"b3lineicon|b3icon-jury|&#xe916;|Jury","name":"b3icon-jury","styles":["b3lineicon"],"is_divi_icon":false,"font_weight":400},{"search_terms":"b3icon-industrial-camera","unicode":"b3lineicon|b3icon-industrial-camera|&#xe917;|Industrial Camera","name":"b3icon-industrial-camera","styles":["b3lineicon"],"is_divi_icon":false,"font_weight":400},{"search_terms":"b3icon-gun","unicode":"b3lineicon|b3icon-gun|&#xe918;|Gun","name":"b3icon-gun","styles":["b3lineicon"],"is_divi_icon":false,"font_weight":400},{"search_terms":"b3icon-umbrella","unicode":"b3lineicon|b3icon-umbrella|&#xe919;|Umbrella","name":"b3icon-umbrella","styles":["b3lineicon"],"is_divi_icon":false,"font_weight":400},{"search_terms":"b3icon-prison","unicode":"b3lineicon|b3icon-prison|&#xe91a;|Prison","name":"b3icon-prison","styles":["b3lineicon"],"is_divi_icon":false,"font_weight":400},{"search_terms":"b3icon-bomb","unicode":"b3lineicon|b3icon-bomb|&#xe91b;|Bomb","name":"b3icon-bomb","styles":["b3lineicon"],"is_divi_icon":false,"font_weight":400},{"search_terms":"b3icon-fingerprint","unicode":"b3lineicon|b3icon-fingerprint|&#xe91c;|Fingerprint","name":"b3icon-fingerprint","styles":["b3lineicon"],"is_divi_icon":false,"font_weight":400},{"search_terms":"b3icon-pen-fountain","unicode":"b3lineicon|b3icon-pen-fountain|&#xe91d;|Pen Fountain","name":"b3icon-pen-fountain","styles":["b3lineicon"],"is_divi_icon":false,"font_weight":400},{"search_terms":"b3icon-money-bag","unicode":"b3lineicon|b3icon-money-bag|&#xe91e;|Money Bag","name":"b3icon-money-bag","styles":["b3lineicon"],"is_divi_icon":false,"font_weight":400},{"search_terms":"b3icon-barrow","unicode":"b3lineicon|b3icon-barrow|&#xe91f;|Barrow","name":"b3icon-barrow","styles":["b3lineicon"],"is_divi_icon":false,"font_weight":400},{"search_terms":"b3icon-paintbrush","unicode":"b3lineicon|b3icon-paintbrush|&#xe920;|Paintbrush","name":"b3icon-paintbrush","styles":["b3lineicon"],"is_divi_icon":false,"font_weight":400},{"search_terms":"b3icon-plaster","unicode":"b3lineicon|b3icon-plaster|&#xe921;|Plaster","name":"b3icon-plaster","styles":["b3lineicon"],"is_divi_icon":false,"font_weight":400},{"search_terms":"b3icon-compass","unicode":"b3lineicon|b3icon-compass|&#xe922;|Compass","name":"b3icon-compass","styles":["b3lineicon"],"is_divi_icon":false,"font_weight":400},{"search_terms":"b3icon-pencil-ruler","unicode":"b3lineicon|b3icon-pencil-ruler|&#xe923;|Pencil Ruler","name":"b3icon-pencil-ruler","styles":["b3lineicon"],"is_divi_icon":false,"font_weight":400},{"search_terms":"b3icon-blueprint","unicode":"b3lineicon|b3icon-blueprint|&#xe924;|Blueprint","name":"b3icon-blueprint","styles":["b3lineicon"],"is_divi_icon":false,"font_weight":400},{"search_terms":"b3icon-trees","unicode":"b3lineicon|b3icon-trees|&#xe925;|Trees","name":"b3icon-trees","styles":["b3lineicon"],"is_divi_icon":false,"font_weight":400},{"search_terms":"b3icon-traffic-cone","unicode":"b3lineicon|b3icon-traffic-cone|&#xe926;|Traffic Cone","name":"b3icon-traffic-cone","styles":["b3lineicon"],"is_divi_icon":false,"font_weight":400},{"search_terms":"b3icon-plug","unicode":"b3lineicon|b3icon-plug|&#xe927;|Plug","name":"b3icon-plug","styles":["b3lineicon"],"is_divi_icon":false,"font_weight":400},{"search_terms":"b3icon-vest","unicode":"b3lineicon|b3icon-vest|&#xe928;|Vest","name":"b3icon-vest","styles":["b3lineicon"],"is_divi_icon":false,"font_weight":400},{"search_terms":"b3icon-worker","unicode":"b3lineicon|b3icon-worker|&#xe929;|Worker","name":"b3icon-worker","styles":["b3lineicon"],"is_divi_icon":false,"font_weight":400},{"search_terms":"b3icon-excavator","unicode":"b3lineicon|b3icon-excavator|&#xe92a;|Excavator","name":"b3icon-excavator","styles":["b3lineicon"],"is_divi_icon":false,"font_weight":400},{"search_terms":"b3icon-safety-glasses","unicode":"b3lineicon|b3icon-safety-glasses|&#xe92b;|Safety Glasses","name":"b3icon-safety-glasses","styles":["b3lineicon"],"is_divi_icon":false,"font_weight":400},{"search_terms":"b3icon-pocket-knife","unicode":"b3lineicon|b3icon-pocket-knife|&#xe92c;|Pocket Knife","name":"b3icon-pocket-knife","styles":["b3lineicon"],"is_divi_icon":false,"font_weight":400},{"search_terms":"b3icon-phone","unicode":"b3lineicon|b3icon-phone|&#xe92d;|Phone","name":"b3icon-phone","styles":["b3lineicon"],"is_divi_icon":false,"font_weight":400},{"search_terms":"b3icon-shovel","unicode":"b3lineicon|b3icon-shovel|&#xe92e;|Shovel","name":"b3icon-shovel","styles":["b3lineicon"],"is_divi_icon":false,"font_weight":400},{"search_terms":"b3icon-drop","unicode":"b3lineicon|b3icon-drop|&#xe92f;|Drop","name":"b3icon-drop","styles":["b3lineicon"],"is_divi_icon":false,"font_weight":400},{"search_terms":"b3icon-bike","unicode":"b3lineicon|b3icon-bike|&#xe930;|Bike","name":"b3icon-bike","styles":["b3lineicon"],"is_divi_icon":false,"font_weight":400},{"search_terms":"b3icon-pipette","unicode":"b3lineicon|b3icon-pipette|&#xe931;|Pipette","name":"b3icon-pipette","styles":["b3lineicon"],"is_divi_icon":false,"font_weight":400},{"search_terms":"b3icon-square-area","unicode":"b3lineicon|b3icon-square-area|&#xe932;|Square Area","name":"b3icon-square-area","styles":["b3lineicon"],"is_divi_icon":false,"font_weight":400},{"search_terms":"b3icon-rocket","unicode":"b3lineicon|b3icon-rocket|&#xe933;|Rocket","name":"b3icon-rocket","styles":["b3lineicon"],"is_divi_icon":false,"font_weight":400},{"search_terms":"b3icon-users-group","unicode":"b3lineicon|b3icon-users-group|&#xe934;|Users Group","name":"b3icon-users-group","styles":["b3lineicon"],"is_divi_icon":false,"font_weight":400},{"search_terms":"b3icon-user","unicode":"b3lineicon|b3icon-user|&#xe935;|User","name":"b3icon-user","styles":["b3lineicon"],"is_divi_icon":false,"font_weight":400},{"search_terms":"b3icon-vector","unicode":"b3lineicon|b3icon-vector|&#xe936;|Vector","name":"b3icon-vector","styles":["b3lineicon"],"is_divi_icon":false,"font_weight":400},{"search_terms":"b3icon-cube","unicode":"b3lineicon|b3icon-cube|&#xe937;|Cube","name":"b3icon-cube","styles":["b3lineicon"],"is_divi_icon":false,"font_weight":400},{"search_terms":"b3icon-refresh","unicode":"b3lineicon|b3icon-refresh|&#xe938;|Refresh","name":"b3icon-refresh","styles":["b3lineicon"],"is_divi_icon":false,"font_weight":400},{"search_terms":"b3icon-key","unicode":"b3lineicon|b3icon-key|&#xe939;|Key","name":"b3icon-key","styles":["b3lineicon"],"is_divi_icon":false,"font_weight":400},{"search_terms":"b3icon-truck","unicode":"b3lineicon|b3icon-truck|&#xe93a;|Truck","name":"b3icon-truck","styles":["b3lineicon"],"is_divi_icon":false,"font_weight":400},{"search_terms":"b3icon-map-location","unicode":"b3lineicon|b3icon-map-location|&#xe93b;|Map Location","name":"b3icon-map-location","styles":["b3lineicon"],"is_divi_icon":false,"font_weight":400},{"search_terms":"b3icon-browser-search","unicode":"b3lineicon|b3icon-browser-search|&#xe93c;|Browser Search","name":"b3icon-browser-search","styles":["b3lineicon"],"is_divi_icon":false,"font_weight":400},{"search_terms":"b3icon-browser-columns","unicode":"b3lineicon|b3icon-browser-columns|&#xe93d;|Browser Columns","name":"b3icon-browser-columns","styles":["b3lineicon"],"is_divi_icon":false,"font_weight":400},{"search_terms":"b3icon-layout","unicode":"b3lineicon|b3icon-layout|&#xe93e;|Layout","name":"b3icon-layout","styles":["b3lineicon"],"is_divi_icon":false,"font_weight":400},{"search_terms":"b3icon-layers","unicode":"b3lineicon|b3icon-layers|&#xe93f;|Layers","name":"b3icon-layers","styles":["b3lineicon"],"is_divi_icon":false,"font_weight":400},{"search_terms":"b3icon-slider","unicode":"b3lineicon|b3icon-slider|&#xe940;|Slider","name":"b3icon-slider","styles":["b3lineicon"],"is_divi_icon":false,"font_weight":400},{"search_terms":"b3icon-pricing","unicode":"b3lineicon|b3icon-pricing|&#xe941;|Pricing","name":"b3icon-pricing","styles":["b3lineicon"],"is_divi_icon":false,"font_weight":400},{"search_terms":"b3icon-paper-plane","unicode":"b3lineicon|b3icon-paper-plane|&#xe942;|Paper Plane","name":"b3icon-paper-plane","styles":["b3lineicon"],"is_divi_icon":false,"font_weight":400},{"search_terms":"b3icon-mouse","unicode":"b3lineicon|b3icon-mouse|&#xe943;|Mouse","name":"b3icon-mouse","styles":["b3lineicon"],"is_divi_icon":false,"font_weight":400},{"search_terms":"b3icon-browser-search-content","unicode":"b3lineicon|b3icon-browser-search-content|&#xe944;|Browser Search Content","name":"b3icon-browser-search-content","styles":["b3lineicon"],"is_divi_icon":false,"font_weight":400},{"search_terms":"b3icon-browser-search-user","unicode":"b3lineicon|b3icon-browser-search-user|&#xe945;|Browser Search User","name":"b3icon-browser-search-user","styles":["b3lineicon"],"is_divi_icon":false,"font_weight":400},{"search_terms":"b3icon-picture","unicode":"b3lineicon|b3icon-picture|&#xe946;|Picture","name":"b3icon-picture","styles":["b3lineicon"],"is_divi_icon":false,"font_weight":400},{"search_terms":"b3icon-play-button","unicode":"b3lineicon|b3icon-play-button|&#xe947;|Play Button","name":"b3icon-play-button","styles":["b3lineicon"],"is_divi_icon":false,"font_weight":400},{"search_terms":"b3icon-maximize","unicode":"b3lineicon|b3icon-maximize|&#xe948;|Maximize","name":"b3icon-maximize","styles":["b3lineicon"],"is_divi_icon":false,"font_weight":400},{"search_terms":"b3icon-desk-lamp","unicode":"b3lineicon|b3icon-desk-lamp|&#xe949;|Desk Lamp","name":"b3icon-desk-lamp","styles":["b3lineicon"],"is_divi_icon":false,"font_weight":400},{"search_terms":"b3icon-switches","unicode":"b3lineicon|b3icon-switches|&#xe94a;|Switches","name":"b3icon-switches","styles":["b3lineicon"],"is_divi_icon":false,"font_weight":400},{"search_terms":"b3icon-computer-gear","unicode":"b3lineicon|b3icon-computer-gear|&#xe94b;|Computer Gear","name":"b3icon-computer-gear","styles":["b3lineicon"],"is_divi_icon":false,"font_weight":400},{"search_terms":"b3icon-computer-code","unicode":"b3lineicon|b3icon-computer-code|&#xe94c;|Computer Code","name":"b3icon-computer-code","styles":["b3lineicon"],"is_divi_icon":false,"font_weight":400},{"search_terms":"b3icon-computer-rocket","unicode":"b3lineicon|b3icon-computer-rocket|&#xe94d;|Computer Rocket","name":"b3icon-computer-rocket","styles":["b3lineicon"],"is_divi_icon":false,"font_weight":400},{"search_terms":"b3icon-computer-graph","unicode":"b3lineicon|b3icon-computer-graph|&#xe94e;|Computer Graph","name":"b3icon-computer-graph","styles":["b3lineicon"],"is_divi_icon":false,"font_weight":400},{"search_terms":"b3icon-computer-text","unicode":"b3lineicon|b3icon-computer-text|&#xe94f;|Computer Text","name":"b3icon-computer-text","styles":["b3lineicon"],"is_divi_icon":false,"font_weight":400},{"search_terms":"b3icon-computer-chart","unicode":"b3lineicon|b3icon-computer-chart|&#xe950;|Computer Chart","name":"b3icon-computer-chart","styles":["b3lineicon"],"is_divi_icon":false,"font_weight":400},{"search_terms":"b3icon-computer-maximize","unicode":"b3lineicon|b3icon-computer-maximize|&#xe951;|Computer Maximize","name":"b3icon-computer-maximize","styles":["b3lineicon"],"is_divi_icon":false,"font_weight":400},{"search_terms":"b3icon-computer-layers","unicode":"b3lineicon|b3icon-computer-layers|&#xe952;|Computer Layers","name":"b3icon-computer-layers","styles":["b3lineicon"],"is_divi_icon":false,"font_weight":400},{"search_terms":"b3icon-responsive-design","unicode":"b3lineicon|b3icon-responsive-design|&#xe953;|Responsive Design","name":"b3icon-responsive-design","styles":["b3lineicon"],"is_divi_icon":false,"font_weight":400},{"search_terms":"b3icon-cactus","unicode":"b3lineicon|b3icon-cactus|&#xe954;|Cactus","name":"b3icon-cactus","styles":["b3lineicon"],"is_divi_icon":false,"font_weight":400},{"search_terms":"b3icon-text-editor","unicode":"b3lineicon|b3icon-text-editor|&#xe955;|Text Editor","name":"b3icon-text-editor","styles":["b3lineicon"],"is_divi_icon":false,"font_weight":400},{"search_terms":"b3icon-divi","unicode":"b3lineicon|b3icon-divi|&#xe956;|Divi","name":"b3icon-divi","styles":["b3lineicon"],"is_divi_icon":false,"font_weight":400},{"search_terms":"b3icon-wordpress","unicode":"b3lineicon|b3icon-wordpress|&#xe957;|Wordpress","name":"b3icon-wordpress","styles":["b3lineicon"],"is_divi_icon":false,"font_weight":400},{"search_terms":"b3icon-brain","unicode":"b3lineicon|b3icon-brain|&#xe958;|Brain","name":"b3icon-brain","styles":["b3lineicon"],"is_divi_icon":false,"font_weight":400},{"search_terms":"b3icon-mobile-devices","unicode":"b3lineicon|b3icon-mobile-devices|&#xe959;|Mobile Devices","name":"b3icon-mobile-devices","styles":["b3lineicon"],"is_divi_icon":false,"font_weight":400},{"search_terms":"b3icon-speaker-off","unicode":"b3lineicon|b3icon-speaker-off|&#xe95a;|Speaker Off","name":"b3icon-speaker-off","styles":["b3lineicon"],"is_divi_icon":false,"font_weight":400},{"search_terms":"b3icon-speaker-min","unicode":"b3lineicon|b3icon-speaker-min|&#xe95b;|Speaker Min","name":"b3icon-speaker-min","styles":["b3lineicon"],"is_divi_icon":false,"font_weight":400},{"search_terms":"b3icon-speaker-medium","unicode":"b3lineicon|b3icon-speaker-medium|&#xe95c;|Speaker Medium","name":"b3icon-speaker-medium","styles":["b3lineicon"],"is_divi_icon":false,"font_weight":400},{"search_terms":"b3icon-speaker-max","unicode":"b3lineicon|b3icon-speaker-max|&#xe95d;|Speaker Max","name":"b3icon-speaker-max","styles":["b3lineicon"],"is_divi_icon":false,"font_weight":400},{"search_terms":"b3icon-hot-air-baloon","unicode":"b3lineicon|b3icon-hot-air-baloon|&#xe95e;|Hot Air Baloon","name":"b3icon-hot-air-baloon","styles":["b3lineicon"],"is_divi_icon":false,"font_weight":400},{"search_terms":"b3icon-link","unicode":"b3lineicon|b3icon-link|&#xe95f;|Link","name":"b3icon-link","styles":["b3lineicon"],"is_divi_icon":false,"font_weight":400},{"search_terms":"b3icon-camera","unicode":"b3lineicon|b3icon-camera|&#xe960;|Camera","name":"b3icon-camera","styles":["b3lineicon"],"is_divi_icon":false,"font_weight":400},{"search_terms":"b3icon-network","unicode":"b3lineicon|b3icon-network|&#xe961;|Network","name":"b3icon-network","styles":["b3lineicon"],"is_divi_icon":false,"font_weight":400},{"search_terms":"b3icon-list","unicode":"b3lineicon|b3icon-list|&#xe962;|List","name":"b3icon-list","styles":["b3lineicon"],"is_divi_icon":false,"font_weight":400},{"search_terms":"b3icon-flag","unicode":"b3lineicon|b3icon-flag|&#xe963;|Flag","name":"b3icon-flag","styles":["b3lineicon"],"is_divi_icon":false,"font_weight":400},{"search_terms":"b3icon-target","unicode":"b3lineicon|b3icon-target|&#xe964;|Target","name":"b3icon-target","styles":["b3lineicon"],"is_divi_icon":false,"font_weight":400},{"search_terms":"b3icon-drawer","unicode":"b3lineicon|b3icon-drawer|&#xe965;|Drawer","name":"b3icon-drawer","styles":["b3lineicon"],"is_divi_icon":false,"font_weight":400},{"search_terms":"b3icon-storage-box","unicode":"b3lineicon|b3icon-storage-box|&#xe966;|Storage Box","name":"b3icon-storage-box","styles":["b3lineicon"],"is_divi_icon":false,"font_weight":400},{"search_terms":"b3icon-clock","unicode":"b3lineicon|b3icon-clock|&#xe967;|Clock","name":"b3icon-clock","styles":["b3lineicon"],"is_divi_icon":false,"font_weight":400},{"search_terms":"b3icon-phone-chat","unicode":"b3lineicon|b3icon-phone-chat|&#xe968;|Phone Chat","name":"b3icon-phone-chat","styles":["b3lineicon"],"is_divi_icon":false,"font_weight":400},{"search_terms":"b3icon-camera-target","unicode":"b3lineicon|b3icon-camera-target|&#xe969;|Camera Target","name":"b3icon-camera-target","styles":["b3lineicon"],"is_divi_icon":false,"font_weight":400},{"search_terms":"b3icon-gauge","unicode":"b3lineicon|b3icon-gauge|&#xe96a;|Gauge","name":"b3icon-gauge","styles":["b3lineicon"],"is_divi_icon":false,"font_weight":400},{"search_terms":"b3icon-quarter","unicode":"b3lineicon|b3icon-quarter|&#xe96b;|Quarter","name":"b3icon-quarter","styles":["b3lineicon"],"is_divi_icon":false,"font_weight":400},{"search_terms":"b3icon-heart","unicode":"b3lineicon|b3icon-heart|&#xe96c;|Heart","name":"b3icon-heart","styles":["b3lineicon"],"is_divi_icon":false,"font_weight":400},{"search_terms":"b3icon-magic-wand","unicode":"b3lineicon|b3icon-magic-wand|&#xe96d;|Magic Wand","name":"b3icon-magic-wand","styles":["b3lineicon"],"is_divi_icon":false,"font_weight":400},{"search_terms":"b3icon-paper-cup","unicode":"b3lineicon|b3icon-paper-cup|&#xe96e;|Paper Cup","name":"b3icon-paper-cup","styles":["b3lineicon"],"is_divi_icon":false,"font_weight":400},{"search_terms":"b3icon-bell","unicode":"b3lineicon|b3icon-bell|&#xe96f;|Bell","name":"b3icon-bell","styles":["b3lineicon"],"is_divi_icon":false,"font_weight":400},{"search_terms":"b3icon-alarm-bell","unicode":"b3lineicon|b3icon-alarm-bell|&#xe970;|Alarm Bell","name":"b3icon-alarm-bell","styles":["b3lineicon"],"is_divi_icon":false,"font_weight":400},{"search_terms":"b3icon-coffee-cup","unicode":"b3lineicon|b3icon-coffee-cup|&#xe971;|Coffee Cup","name":"b3icon-coffee-cup","styles":["b3lineicon"],"is_divi_icon":false,"font_weight":400},{"search_terms":"b3icon-megaphone","unicode":"b3lineicon|b3icon-megaphone|&#xe972;|Mega Phone","name":"b3icon-megaphone","styles":["b3lineicon"],"is_divi_icon":false,"font_weight":400},{"search_terms":"b3icon-edit","unicode":"b3lineicon|b3icon-edit|&#xe973;|Edit","name":"b3icon-edit","styles":["b3lineicon"],"is_divi_icon":false,"font_weight":400},{"search_terms":"b3icon-map-pin","unicode":"b3lineicon|b3icon-map-pin|&#xe974;|Map Pin","name":"b3icon-map-pin","styles":["b3lineicon"],"is_divi_icon":false,"font_weight":400},{"search_terms":"b3icon-folder","unicode":"b3lineicon|b3icon-folder|&#xe975;|Folder","name":"b3icon-folder","styles":["b3lineicon"],"is_divi_icon":false,"font_weight":400},{"search_terms":"b3icon-stamp","unicode":"b3lineicon|b3icon-stamp|&#xe976;|Stamp","name":"b3icon-stamp","styles":["b3lineicon"],"is_divi_icon":false,"font_weight":400},{"search_terms":"b3icon-gear","unicode":"b3lineicon|b3icon-gear|&#xe977;|Gear","name":"b3icon-gear","styles":["b3lineicon"],"is_divi_icon":false,"font_weight":400},{"search_terms":"b3icon-success","unicode":"b3lineicon|b3icon-success|&#xe978;|Success","name":"b3icon-success","styles":["b3lineicon"],"is_divi_icon":false,"font_weight":400},{"search_terms":"b3icon-board-char","unicode":"b3lineicon|b3icon-board-char|&#xe979;|Board Char","name":"b3icon-board-char","styles":["b3lineicon"],"is_divi_icon":false,"font_weight":400},{"search_terms":"b3icon-cocktail","unicode":"b3lineicon|b3icon-cocktail|&#xe97a;|Cocktail","name":"b3icon-cocktail","styles":["b3lineicon"],"is_divi_icon":false,"font_weight":400},{"search_terms":"b3icon-house","unicode":"b3lineicon|b3icon-house|&#xe97b;|House","name":"b3icon-house","styles":["b3lineicon"],"is_divi_icon":false,"font_weight":400},{"search_terms":"b3icon-calendar","unicode":"b3lineicon|b3icon-calendar|&#xe97c;|Calendar","name":"b3icon-calendar","styles":["b3lineicon"],"is_divi_icon":false,"font_weight":400},{"search_terms":"b3icon-menu-grid","unicode":"b3lineicon|b3icon-menu-grid|&#xe97d;|Menu Grid","name":"b3icon-menu-grid","styles":["b3lineicon"],"is_divi_icon":false,"font_weight":400},{"search_terms":"b3icon-trash","unicode":"b3lineicon|b3icon-trash|&#xe97e;|Trash","name":"b3icon-trash","styles":["b3lineicon"],"is_divi_icon":false,"font_weight":400},{"search_terms":"b3icon-push-pin","unicode":"b3lineicon|b3icon-push-pin|&#xe97f;|Push Pin","name":"b3icon-push-pin","styles":["b3lineicon"],"is_divi_icon":false,"font_weight":400},{"search_terms":"b3icon-pencil","unicode":"b3lineicon|b3icon-pencil|&#xe980;|Pencil","name":"b3icon-pencil","styles":["b3lineicon"],"is_divi_icon":false,"font_weight":400},{"search_terms":"b3icon-pendrive","unicode":"b3lineicon|b3icon-pendrive|&#xe981;|Pendrive","name":"b3icon-pendrive","styles":["b3lineicon"],"is_divi_icon":false,"font_weight":400},{"search_terms":"b3icon-paperclip","unicode":"b3lineicon|b3icon-paperclip|&#xe982;|Paperclip","name":"b3icon-paperclip","styles":["b3lineicon"],"is_divi_icon":false,"font_weight":400},{"search_terms":"b3icon-energy","unicode":"b3lineicon|b3icon-energy|&#xe983;|Energy","name":"b3icon-energy","styles":["b3lineicon"],"is_divi_icon":false,"font_weight":400},{"search_terms":"b3icon-envelope","unicode":"b3lineicon|b3icon-envelope|&#xe984;|Envelope","name":"b3icon-envelope","styles":["b3lineicon"],"is_divi_icon":false,"font_weight":400},{"search_terms":"b3icon-envelope-send","unicode":"b3lineicon|b3icon-envelope-send|&#xe985;|Envelope Send","name":"b3icon-envelope-send","styles":["b3lineicon"],"is_divi_icon":false,"font_weight":400},{"search_terms":"b3icon-layout-rows","unicode":"b3lineicon|b3icon-layout-rows|&#xe986;|Layout Rows","name":"b3icon-layout-rows","styles":["b3lineicon"],"is_divi_icon":false,"font_weight":400},{"search_terms":"b3icon-controls","unicode":"b3lineicon|b3icon-controls|&#xe987;|Controls","name":"b3icon-controls","styles":["b3lineicon"],"is_divi_icon":false,"font_weight":400},{"search_terms":"b3icon-cloud-upload","unicode":"b3lineicon|b3icon-cloud-upload|&#xe988;|Cloud Upload","name":"b3icon-cloud-upload","styles":["b3lineicon"],"is_divi_icon":false,"font_weight":400},{"search_terms":"b3icon-cloud-download","unicode":"b3lineicon|b3icon-cloud-download|&#xe989;|Cloud Download","name":"b3icon-cloud-download","styles":["b3lineicon"],"is_divi_icon":false,"font_weight":400},{"search_terms":"b3icon-file-image","unicode":"b3lineicon|b3icon-file-image|&#xe98a;|File Image","name":"b3icon-file-image","styles":["b3lineicon"],"is_divi_icon":false,"font_weight":400},{"search_terms":"b3icon-files-empty","unicode":"b3lineicon|b3icon-files-empty|&#xe98b;|fFiles Empty","name":"b3icon-files-empty","styles":["b3lineicon"],"is_divi_icon":false,"font_weight":400},{"search_terms":"b3icon-question","unicode":"b3lineicon|b3icon-question|&#xe98c;|Question","name":"b3icon-question","styles":["b3lineicon"],"is_divi_icon":false,"font_weight":400},{"search_terms":"b3icon-tick","unicode":"b3lineicon|b3icon-tick|&#xe98d;|Tick","name":"b3icon-tick","styles":["b3lineicon"],"is_divi_icon":false,"font_weight":400},{"search_terms":"b3icon-close","unicode":"b3lineicon|b3icon-close|&#xe98e;|Close","name":"b3icon-close","styles":["b3lineicon"],"is_divi_icon":false,"font_weight":400},{"search_terms":"b3icon-list-check","unicode":"b3lineicon|b3icon-list-check|&#xe98f;|List Check","name":"b3icon-list-check","styles":["b3lineicon"],"is_divi_icon":false,"font_weight":400},{"search_terms":"b3icon-file-pdf","unicode":"b3lineicon|b3icon-file-pdf|&#xe990;|File Pdf","name":"b3icon-file-pdf","styles":["b3lineicon"],"is_divi_icon":false,"font_weight":400},{"search_terms":"b3icon-file-psd","unicode":"b3lineicon|b3icon-file-psd|&#xe991;|File Psd","name":"b3icon-file-psd","styles":["b3lineicon"],"is_divi_icon":false,"font_weight":400},{"search_terms":"b3icon-file-ai","unicode":"b3lineicon|b3icon-file-ai|&#xe992;|File Ai","name":"b3icon-file-ai","styles":["b3lineicon"],"is_divi_icon":false,"font_weight":400},{"search_terms":"b3icon-file-jpg","unicode":"b3lineicon|b3icon-file-jpg|&#xe993;|File Jpg","name":"b3icon-file-jpg","styles":["b3lineicon"],"is_divi_icon":false,"font_weight":400},{"search_terms":"b3icon-file-png","unicode":"b3lineicon|b3icon-file-png|&#xe994;|File Png","name":"b3icon-file-png","styles":["b3lineicon"],"is_divi_icon":false,"font_weight":400},{"search_terms":"b3icon-file-zip","unicode":"b3lineicon|b3icon-file-zip|&#xe995;|File Zip","name":"b3icon-file-zip","styles":["b3lineicon"],"is_divi_icon":false,"font_weight":400},{"search_terms":"b3icon-bulb-electricity","unicode":"b3lineicon|b3icon-bulb-electricity|&#xe996;|Bulb Electricity","name":"b3icon-bulb-electricity","styles":["b3lineicon"],"is_divi_icon":false,"font_weight":400},{"search_terms":"b3icon-bulb","unicode":"b3lineicon|b3icon-bulb|&#xe997;|Bulb","name":"b3icon-bulb","styles":["b3lineicon"],"is_divi_icon":false,"font_weight":400},{"search_terms":"b3icon-bulb-gear","unicode":"b3lineicon|b3icon-bulb-gear|&#xe998;|Bulb Gear","name":"b3icon-bulb-gear","styles":["b3lineicon"],"is_divi_icon":false,"font_weight":400},{"search_terms":"b3icon-microphone-retro","unicode":"b3lineicon|b3icon-microphone-retro|&#xe999;|Microphone Retro","name":"b3icon-microphone-retro","styles":["b3lineicon"],"is_divi_icon":false,"font_weight":400},{"search_terms":"b3icon-align-left","unicode":"b3lineicon|b3icon-align-left|&#xe99a;|Align Left","name":"b3icon-align-left","styles":["b3lineicon"],"is_divi_icon":false,"font_weight":400},{"search_terms":"b3icon-align-right","unicode":"b3lineicon|b3icon-align-right|&#xe99b;|Align Right","name":"b3icon-align-right","styles":["b3lineicon"],"is_divi_icon":false,"font_weight":400},{"search_terms":"b3icon-align-center","unicode":"b3lineicon|b3icon-align-center|&#xe99c;|Align Center","name":"b3icon-align-center","styles":["b3lineicon"],"is_divi_icon":false,"font_weight":400},{"search_terms":"b3icon-align-middle","unicode":"b3lineicon|b3icon-align-middle|&#xe99d;|Align Middle","name":"b3icon-align-middle","styles":["b3lineicon"],"is_divi_icon":false,"font_weight":400},{"search_terms":"b3icon-align-bottom","unicode":"b3lineicon|b3icon-align-bottom|&#xe99e;|Align Bottom","name":"b3icon-align-bottom","styles":["b3lineicon"],"is_divi_icon":false,"font_weight":400},{"search_terms":"b3icon-align-top","unicode":"b3lineicon|b3icon-align-top|&#xe99f;|Align Top","name":"b3icon-align-top","styles":["b3lineicon"],"is_divi_icon":false,"font_weight":400},{"search_terms":"b3icon-magnifier","unicode":"b3lineicon|b3icon-magnifier|&#xe9a0;|Magnifier","name":"b3icon-magnifier","styles":["b3lineicon"],"is_divi_icon":false,"font_weight":400},{"search_terms":"b3icon-zoom-out","unicode":"b3lineicon|b3icon-zoom-out|&#xe9a1;|Zoom Out","name":"b3icon-zoom-out","styles":["b3lineicon"],"is_divi_icon":false,"font_weight":400},{"search_terms":"b3icon-zoom-in","unicode":"b3lineicon|b3icon-zoom-in|&#xe9a2;|Zoom In","name":"b3icon-zoom-in","styles":["b3lineicon"],"is_divi_icon":false,"font_weight":400},{"search_terms":"b3icon-vinyl","unicode":"b3lineicon|b3icon-vinyl|&#xe9a3;|Vinyl","name":"b3icon-vinyl","styles":["b3lineicon"],"is_divi_icon":false,"font_weight":400},{"search_terms":"b3icon-logout","unicode":"b3lineicon|b3icon-logout|&#xe9a4;|Logout","name":"b3icon-logout","styles":["b3lineicon"],"is_divi_icon":false,"font_weight":400},{"search_terms":"b3icon-upload","unicode":"b3lineicon|b3icon-upload|&#xe9a5;|Upload","name":"b3icon-upload","styles":["b3lineicon"],"is_divi_icon":false,"font_weight":400},{"search_terms":"b3icon-square-arrow-up","unicode":"b3lineicon|b3icon-square-arrow-up|&#xe9a6;|Square Arrow Up","name":"b3icon-square-arrow-up","styles":["b3lineicon"],"is_divi_icon":false,"font_weight":400},{"search_terms":"b3icon-share","unicode":"b3lineicon|b3icon-share|&#xe9a7;|Share","name":"b3icon-share","styles":["b3lineicon"],"is_divi_icon":false,"font_weight":400},{"search_terms":"b3icon-login","unicode":"b3lineicon|b3icon-login|&#xe9a8;|Login","name":"b3icon-login","styles":["b3lineicon"],"is_divi_icon":false,"font_weight":400},{"search_terms":"b3icon-download","unicode":"b3lineicon|b3icon-download|&#xe9a9;|Download","name":"b3icon-download","styles":["b3lineicon"],"is_divi_icon":false,"font_weight":400},{"search_terms":"b3icon-bar-chart","unicode":"b3lineicon|b3icon-bar-chart|&#xe9aa;|Bar Chart","name":"b3icon-bar-chart","styles":["b3lineicon"],"is_divi_icon":false,"font_weight":400},{"search_terms":"b3icon-comments","unicode":"b3lineicon|b3icon-comments|&#xe9ab;|Comments","name":"b3icon-comments","styles":["b3lineicon"],"is_divi_icon":false,"font_weight":400},{"search_terms":"b3icon-microphone","unicode":"b3lineicon|b3icon-microphone|&#xe9ac;|Microphone","name":"b3icon-microphone","styles":["b3lineicon"],"is_divi_icon":false,"font_weight":400},{"search_terms":"b3icon-copy","unicode":"b3lineicon|b3icon-copy|&#xe9ad;|Copy","name":"b3icon-copy","styles":["b3lineicon"],"is_divi_icon":false,"font_weight":400},{"search_terms":"b3icon-line-chart","unicode":"b3lineicon|b3icon-line-chart|&#xe9ae;|Line Chart","name":"b3icon-line-chart","styles":["b3lineicon"],"is_divi_icon":false,"font_weight":400},{"search_terms":"b3icon-trifold","unicode":"b3lineicon|b3icon-trifold|&#xe9af;|Trifold","name":"b3icon-trifold","styles":["b3lineicon"],"is_divi_icon":false,"font_weight":400},{"search_terms":"b3icon-round-arrow-right","unicode":"b3lineicon|b3icon-round-arrow-right|&#xe9b0;|Round Arrow Right","name":"b3icon-round-arrow-right","styles":["b3lineicon"],"is_divi_icon":false,"font_weight":400},{"search_terms":"b3icon-round-arrow-top","unicode":"b3lineicon|b3icon-round-arrow-top|&#xe9b1;|Round Arrow Top","name":"b3icon-round-arrow-top","styles":["b3lineicon"],"is_divi_icon":false,"font_weight":400},{"search_terms":"b3icon-round-arrow-top","unicode":"b3lineicon|b3icon-round-arrow-top|&#xe9b2;|Round Arrow Top","name":"b3icon-round-arrow-top","styles":["b3lineicon"],"is_divi_icon":false,"font_weight":400},{"search_terms":"b3icon-round-arrow-top","unicode":"b3lineicon|b3icon-round-arrow-top|&#xe9b3;|Round Arrow Top","name":"b3icon-round-arrow-top","styles":["b3lineicon"],"is_divi_icon":false,"font_weight":400},{"search_terms":"b3icon-bitcoin-logo","unicode":"b3lineicon|b3icon-bitcoin-logo|&#xe9b4;|Bitcoin Logo","name":"b3icon-bitcoin-logo","styles":["b3lineicon"],"is_divi_icon":false,"font_weight":400},{"search_terms":"b3icon-bitcoin-round","unicode":"b3lineicon|b3icon-bitcoin-round|&#xe9b5;|Bitcoin Round","name":"b3icon-bitcoin-round","styles":["b3lineicon"],"is_divi_icon":false,"font_weight":400},{"search_terms":"b3icon-bitcoin-bag","unicode":"b3lineicon|b3icon-bitcoin-bag|&#xe9b6;|Bitcoin Bag","name":"b3icon-bitcoin-bag","styles":["b3lineicon"],"is_divi_icon":false,"font_weight":400},{"search_terms":"b3icon-bitcoin-wallet","unicode":"b3lineicon|b3icon-bitcoin-wallet|&#xe9b7;|Bitcoin Wallet","name":"b3icon-bitcoin-wallet","styles":["b3lineicon"],"is_divi_icon":false,"font_weight":400},{"search_terms":"b3icon-bitcoin-globe","unicode":"b3lineicon|b3icon-bitcoin-globe|&#xe9b8;|Bitcoin Globe","name":"b3icon-bitcoin-globe","styles":["b3lineicon"],"is_divi_icon":false,"font_weight":400},{"search_terms":"b3icon-bitcoin-credit-card","unicode":"b3lineicon|b3icon-bitcoin-credit-card|&#xe9b9;|Bitcoin Credit Card","name":"b3icon-bitcoin-credit-card","styles":["b3lineicon"],"is_divi_icon":false,"font_weight":400},{"search_terms":"b3icon-bitcoin-coins","unicode":"b3lineicon|b3icon-bitcoin-coins|&#xe9ba;|Bitcoin Coins","name":"b3icon-bitcoin-coins","styles":["b3lineicon"],"is_divi_icon":false,"font_weight":400},{"search_terms":"b3icon-bitcoin-computer","unicode":"b3lineicon|b3icon-bitcoin-computer|&#xe9bb;|Bitcoin Computer","name":"b3icon-bitcoin-computer","styles":["b3lineicon"],"is_divi_icon":false,"font_weight":400},{"search_terms":"b3icon-bitcoin-mobile-devices","unicode":"b3lineicon|b3icon-bitcoin-mobile-devices|&#xe9bc;|Bitcoin Mobile Devices","name":"b3icon-bitcoin-mobile-devices","styles":["b3lineicon"],"is_divi_icon":false,"font_weight":400},{"search_terms":"b3icon-bitcoin-lock","unicode":"b3lineicon|b3icon-bitcoin-lock|&#xe9bd;|Bitcoin Lock","name":"b3icon-bitcoin-lock","styles":["b3lineicon"],"is_divi_icon":false,"font_weight":400},{"search_terms":"b3icon-bitcoin-shield","unicode":"b3lineicon|b3icon-bitcoin-shield|&#xe9be;|Bitcoin Shield","name":"b3icon-bitcoin-shield","styles":["b3lineicon"],"is_divi_icon":false,"font_weight":400},{"search_terms":"b3icon-cryptocurrency-shield","unicode":"b3lineicon|b3icon-cryptocurrency-shield|&#xe9bf;|Cryptocurrency Shield","name":"b3icon-cryptocurrency-shield","styles":["b3lineicon"],"is_divi_icon":false,"font_weight":400},{"search_terms":"b3icon-bitcoin-pin","unicode":"b3lineicon|b3icon-bitcoin-pin|&#xe9c0;|Bitcoin Pin","name":"b3icon-bitcoin-pin","styles":["b3lineicon"],"is_divi_icon":false,"font_weight":400},{"search_terms":"b3icon-bitcoin-browser","unicode":"b3lineicon|b3icon-bitcoin-browser|&#xe9c1;|Bitcoin Browser","name":"b3icon-bitcoin-browser","styles":["b3lineicon"],"is_divi_icon":false,"font_weight":400},{"search_terms":"b3icon-crypto-wallet","unicode":"b3lineicon|b3icon-crypto-wallet|&#xe9c2;|Crypto Wallet","name":"b3icon-crypto-wallet","styles":["b3lineicon"],"is_divi_icon":false,"font_weight":400},{"search_terms":"b3icon-ethereum","unicode":"b3lineicon|b3icon-ethereum|&#xe9c3;|Ethereum","name":"b3icon-ethereum","styles":["b3lineicon"],"is_divi_icon":false,"font_weight":400},{"search_terms":"b3icon-bitcoin-envelope","unicode":"b3lineicon|b3icon-bitcoin-envelope|&#xe9c4;|Bitcoin Envelope","name":"b3icon-bitcoin-envelope","styles":["b3lineicon"],"is_divi_icon":false,"font_weight":400},{"search_terms":"b3icon-bitcoin-gear","unicode":"b3lineicon|b3icon-bitcoin-gear|&#xe9c5;|bBitcoin Gear","name":"b3icon-bitcoin-gear","styles":["b3lineicon"],"is_divi_icon":false,"font_weight":400},{"search_terms":"b3icon-crypto-01","unicode":"b3lineicon|b3icon-crypto-01|&#xe9c6;|Crypto 01","name":"b3icon-crypto-01","styles":["b3lineicon"],"is_divi_icon":false,"font_weight":400},{"search_terms":"b3icon-bitcoin-paper-bag","unicode":"b3lineicon|b3icon-bitcoin-paper-bag|&#xe9c7;|Bitcoin Paper Bag","name":"b3icon-bitcoin-paper-bag","styles":["b3lineicon"],"is_divi_icon":false,"font_weight":400},{"search_terms":"b3icon-bitcoin-cloud","unicode":"b3lineicon|b3icon-bitcoin-cloud|&#xe9c8;|Bitcoin Cloud","name":"b3icon-bitcoin-cloud","styles":["b3lineicon"],"is_divi_icon":false,"font_weight":400},{"search_terms":"b3icon-crypto-02","unicode":"b3lineicon|b3icon-crypto-02|&#xe9c9;|Crypto 02","name":"b3icon-crypto-02","styles":["b3lineicon"],"is_divi_icon":false,"font_weight":400},{"search_terms":"b3icon-cryptocurrency-globe","unicode":"b3lineicon|b3icon-cryptocurrency-globe|&#xe9ca;|Cryptocurrency Globe","name":"b3icon-cryptocurrency-globe","styles":["b3lineicon"],"is_divi_icon":false,"font_weight":400},{"search_terms":"b3icon-bitcoin-exchange","unicode":"b3lineicon|b3icon-bitcoin-exchange|&#xe9cb;|Bitcoin Exchange","name":"b3icon-bitcoin-exchange","styles":["b3lineicon"],"is_divi_icon":false,"font_weight":400},{"search_terms":"b3icon-cryptocurrency","unicode":"b3lineicon|b3icon-cryptocurrency|&#xe9cc;|Cryptocurrency","name":"b3icon-cryptocurrency","styles":["b3lineicon"],"is_divi_icon":false,"font_weight":400},{"search_terms":"b3icon-bitcoin-piggybank-coin","unicode":"b3lineicon|b3icon-bitcoin-piggybank-coin|&#xe9cd;|Bitcoin Piggybank Coin","name":"b3icon-bitcoin-piggybank-coin","styles":["b3lineicon"],"is_divi_icon":false,"font_weight":400},{"search_terms":"b3icon-bitcoin-piggybank","unicode":"b3lineicon|b3icon-bitcoin-piggybank|&#xe9ce;|Bitcoin Piggybank","name":"b3icon-bitcoin-piggybank","styles":["b3lineicon"],"is_divi_icon":false,"font_weight":400},{"search_terms":"b3icon-bitcoin-user","unicode":"b3lineicon|b3icon-bitcoin-user|&#xe9cf;|Bitcoin User","name":"b3icon-bitcoin-user","styles":["b3lineicon"],"is_divi_icon":false,"font_weight":400},{"search_terms":"b3icon-bitcoin-badge","unicode":"b3lineicon|b3icon-bitcoin-badge|&#xe9d0;|Bitcoin Badge","name":"b3icon-bitcoin-badge","styles":["b3lineicon"],"is_divi_icon":false,"font_weight":400},{"search_terms":"b3icon-cryptocurrency-briefcase","unicode":"b3lineicon|b3icon-cryptocurrency-briefcase|&#xe9d1;|Cryptocurrency Briefcase","name":"b3icon-cryptocurrency-briefcase","styles":["b3lineicon"],"is_divi_icon":false,"font_weight":400},{"search_terms":"b3icon-computer-heartbeat","unicode":"b3lineicon|b3icon-computer-heartbeat|&#xe9d2;|Computer Heartbeat","name":"b3icon-computer-heartbeat","styles":["b3lineicon"],"is_divi_icon":false,"font_weight":400},{"search_terms":"b3icon-first-aid-kit","unicode":"b3lineicon|b3icon-first-aid-kit|&#xe9d3;|First Aid Kit","name":"b3icon-first-aid-kit","styles":["b3lineicon"],"is_divi_icon":false,"font_weight":400},{"search_terms":"b3icon-pills","unicode":"b3lineicon|b3icon-pills|&#xe9d4;|Pills","name":"b3icon-pills","styles":["b3lineicon"],"is_divi_icon":false,"font_weight":400},{"search_terms":"b3icon-thermometer","unicode":"b3lineicon|b3icon-thermometer|&#xe9d5;|Thermometer","name":"b3icon-thermometer","styles":["b3lineicon"],"is_divi_icon":false,"font_weight":400},{"search_terms":"b3icon-heart-care","unicode":"b3lineicon|b3icon-heart-care|&#xe9d6;|Heart Care","name":"b3icon-heart-care","styles":["b3lineicon"],"is_divi_icon":false,"font_weight":400},{"search_terms":"b3icon-lungs","unicode":"b3lineicon|b3icon-lungs|&#xe9d7;|Lungs","name":"b3icon-lungs","styles":["b3lineicon"],"is_divi_icon":false,"font_weight":400},{"search_terms":"b3icon-gender","unicode":"b3lineicon|b3icon-gender|&#xe9d8;|Gender","name":"b3icon-gender","styles":["b3lineicon"],"is_divi_icon":false,"font_weight":400},{"search_terms":"b3icon-wheelchair","unicode":"b3lineicon|b3icon-wheelchair|&#xe9d9;|Wheelchair","name":"b3icon-wheelchair","styles":["b3lineicon"],"is_divi_icon":false,"font_weight":400},{"search_terms":"b3icon-tooth","unicode":"b3lineicon|b3icon-tooth|&#xe9da;|Tooth","name":"b3icon-tooth","styles":["b3lineicon"],"is_divi_icon":false,"font_weight":400},{"search_terms":"b3icon-ambulance","unicode":"b3lineicon|b3icon-ambulance|&#xe9db;|Ambulance","name":"b3icon-ambulance","styles":["b3lineicon"],"is_divi_icon":false,"font_weight":400},{"search_terms":"b3icon-syringe","unicode":"b3lineicon|b3icon-syringe|&#xe9dc;|Syringe","name":"b3icon-syringe","styles":["b3lineicon"],"is_divi_icon":false,"font_weight":400},{"search_terms":"b3icon-heart-rate","unicode":"b3lineicon|b3icon-heart-rate|&#xe9dd;|Heart Rate","name":"b3icon-heart-rate","styles":["b3lineicon"],"is_divi_icon":false,"font_weight":400},{"search_terms":"b3icon-dna","unicode":"b3lineicon|b3icon-dna|&#xe9de;|Dna","name":"b3icon-dna","styles":["b3lineicon"],"is_divi_icon":false,"font_weight":400},{"search_terms":"b3icon-sthetoscope","unicode":"b3lineicon|b3icon-sthetoscope|&#xe9df;|Sthetoscope","name":"b3icon-sthetoscope","styles":["b3lineicon"],"is_divi_icon":false,"font_weight":400},{"search_terms":"b3icon-eye","unicode":"b3lineicon|b3icon-eye|&#xe9e0;|Eye","name":"b3icon-eye","styles":["b3lineicon"],"is_divi_icon":false,"font_weight":400},{"search_terms":"b3icon-health-cross","unicode":"b3lineicon|b3icon-health-cross|&#xe9e1;|Health Cross","name":"b3icon-health-cross","styles":["b3lineicon"],"is_divi_icon":false,"font_weight":400},{"search_terms":"b3icon-health-cross-round","unicode":"b3lineicon|b3icon-health-cross-round|&#xe9e2;|Health Cross Round","name":"b3icon-health-cross-round","styles":["b3lineicon"],"is_divi_icon":false,"font_weight":400},{"search_terms":"b3icon-heliport","unicode":"b3lineicon|b3icon-heliport|&#xe9e3;|Heliport","name":"b3icon-heliport","styles":["b3lineicon"],"is_divi_icon":false,"font_weight":400},{"search_terms":"b3icon-nurse","unicode":"b3lineicon|b3icon-nurse|&#xe9e4;|Nurse","name":"b3icon-nurse","styles":["b3lineicon"],"is_divi_icon":false,"font_weight":400},{"search_terms":"b3icon-mediacl-gear","unicode":"b3lineicon|b3icon-mediacl-gear|&#xe9e5;|Mediacl Gear","name":"b3icon-mediacl-gear","styles":["b3lineicon"],"is_divi_icon":false,"font_weight":400},{"search_terms":"b3icon-mediacl-mobile-devices","unicode":"b3lineicon|b3icon-mediacl-mobile-devices|&#xe9e6;|Mediacl Mobile Devices","name":"b3icon-mediacl-mobile-devices","styles":["b3lineicon"],"is_divi_icon":false,"font_weight":400},{"search_terms":"b3icon-list-add","unicode":"b3lineicon|b3icon-list-add|&#xe9e7;|List Add","name":"b3icon-list-add","styles":["b3lineicon"],"is_divi_icon":false,"font_weight":400},{"search_terms":"b3icon-clinic","unicode":"b3lineicon|b3icon-clinic|&#xe9e8;|Clinic","name":"b3icon-clinic","styles":["b3lineicon"],"is_divi_icon":false,"font_weight":400},{"search_terms":"b3icon-clipboard-chart","unicode":"b3lineicon|b3icon-clipboard-chart|&#xe9e9;|Clipboard Chart","name":"b3icon-clipboard-chart","styles":["b3lineicon"],"is_divi_icon":false,"font_weight":400},{"search_terms":"b3icon-medical-pin","unicode":"b3lineicon|b3icon-medical-pin|&#xe9ea;|Medical Pin","name":"b3icon-medical-pin","styles":["b3lineicon"],"is_divi_icon":false,"font_weight":400},{"search_terms":"b3icon-phone-24","unicode":"b3lineicon|b3icon-phone-24|&#xe9eb;|Phone 24","name":"b3icon-phone-24","styles":["b3lineicon"],"is_divi_icon":false,"font_weight":400},{"search_terms":"b3icon-phone-12","unicode":"b3lineicon|b3icon-phone-12|&#xe9ec;|Phone 12","name":"b3icon-phone-12","styles":["b3lineicon"],"is_divi_icon":false,"font_weight":400},{"search_terms":"b3icon-phone-medical","unicode":"b3lineicon|b3icon-phone-medical|&#xe9ed;|Phone Medical","name":"b3icon-phone-medical","styles":["b3lineicon"],"is_divi_icon":false,"font_weight":400},{"search_terms":"b3icon-blood","unicode":"b3lineicon|b3icon-blood|&#xe9ef;|Blood","name":"b3icon-blood","styles":["b3lineicon"],"is_divi_icon":false,"font_weight":400},{"search_terms":"b3icon-letter-medical","unicode":"b3lineicon|b3icon-letter-medical|&#xe9ee;|Letter Medical","name":"b3icon-letter-medical","styles":["b3lineicon"],"is_divi_icon":false,"font_weight":400},{"search_terms":"b3icon-soup","unicode":"b3lineicon|b3icon-soup|&#xe9f0;|Soup","name":"b3icon-soup","styles":["b3lineicon"],"is_divi_icon":false,"font_weight":400},{"search_terms":"b3icon-steak","unicode":"b3lineicon|b3icon-steak|&#xe9f1;|Steak","name":"b3icon-steak","styles":["b3lineicon"],"is_divi_icon":false,"font_weight":400},{"search_terms":"b3icon-chicken","unicode":"b3lineicon|b3icon-chicken|&#xe9f2;|Chicken","name":"b3icon-chicken","styles":["b3lineicon"],"is_divi_icon":false,"font_weight":400},{"search_terms":"b3icon-knife-fork","unicode":"b3lineicon|b3icon-knife-fork|&#xe9f3;|Knife Fork","name":"b3icon-knife-fork","styles":["b3lineicon"],"is_divi_icon":false,"font_weight":400},{"search_terms":"b3icon-tray","unicode":"b3lineicon|b3icon-tray|&#xe9f4;|Tray","name":"b3icon-tray","styles":["b3lineicon"],"is_divi_icon":false,"font_weight":400},{"search_terms":"b3icon-chef-hat","unicode":"b3lineicon|b3icon-chef-hat|&#xe9f5;|Chef Hat","name":"b3icon-chef-hat","styles":["b3lineicon"],"is_divi_icon":false,"font_weight":400},{"search_terms":"b3icon-pizza","unicode":"b3lineicon|b3icon-pizza|&#xe9f6;|Pizza","name":"b3icon-pizza","styles":["b3lineicon"],"is_divi_icon":false,"font_weight":400},{"search_terms":"b3icon-fries","unicode":"b3lineicon|b3icon-fries|&#xe9f7;|Fries","name":"b3icon-fries","styles":["b3lineicon"],"is_divi_icon":false,"font_weight":400},{"search_terms":"b3icon-open-sign","unicode":"b3lineicon|b3icon-open-sign|&#xe9f8;|Open Sign","name":"b3icon-open-sign","styles":["b3lineicon"],"is_divi_icon":false,"font_weight":400},{"search_terms":"b3icon-close-sign","unicode":"b3lineicon|b3icon-close-sign|&#xe9f9;|Close Sign","name":"b3icon-close-sign","styles":["b3lineicon"],"is_divi_icon":false,"font_weight":400},{"search_terms":"b3icon-grill","unicode":"b3lineicon|b3icon-grill|&#xe9fa;|Grill","name":"b3icon-grill","styles":["b3lineicon"],"is_divi_icon":false,"font_weight":400},{"search_terms":"b3icon-grinder","unicode":"b3lineicon|b3icon-grinder|&#xe9fb;|Grinder","name":"b3icon-grinder","styles":["b3lineicon"],"is_divi_icon":false,"font_weight":400},{"search_terms":"b3icon-coffee-beans","unicode":"b3lineicon|b3icon-coffee-beans|&#xe9fc;|Coffee Beans","name":"b3icon-coffee-beans","styles":["b3lineicon"],"is_divi_icon":false,"font_weight":400},{"search_terms":"b3icon-jar","unicode":"b3lineicon|b3icon-jar|&#xe9fd;|Jar","name":"b3icon-jar","styles":["b3lineicon"],"is_divi_icon":false,"font_weight":400},{"search_terms":"b3icon-donut","unicode":"b3lineicon|b3icon-donut|&#xe9fe;|Donut","name":"b3icon-donut","styles":["b3lineicon"],"is_divi_icon":false,"font_weight":400},{"search_terms":"b3icon-cupcake","unicode":"b3lineicon|b3icon-cupcake|&#xe9ff;|Cupcake","name":"b3icon-cupcake","styles":["b3lineicon"],"is_divi_icon":false,"font_weight":400},{"search_terms":"b3icon-bread-slice","unicode":"b3lineicon|b3icon-bread-slice|&#xea00;|Bread Slice","name":"b3icon-bread-slice","styles":["b3lineicon"],"is_divi_icon":false,"font_weight":400},{"search_terms":"b3icon-teapot","unicode":"b3lineicon|b3icon-teapot|&#xea01;|Teapot","name":"b3icon-teapot","styles":["b3lineicon"],"is_divi_icon":false,"font_weight":400},{"search_terms":"b3icon-pot","unicode":"b3lineicon|b3icon-pot|&#xea02;|Pot","name":"b3icon-pot","styles":["b3lineicon"],"is_divi_icon":false,"font_weight":400},{"search_terms":"b3icon-burger","unicode":"b3lineicon|b3icon-burger|&#xea03;|Burger","name":"b3icon-burger","styles":["b3lineicon"],"is_divi_icon":false,"font_weight":400},{"search_terms":"b3icon-cheese","unicode":"b3lineicon|b3icon-cheese|&#xea04;|Cheese","name":"b3icon-cheese","styles":["b3lineicon"],"is_divi_icon":false,"font_weight":400},{"search_terms":"b3icon-wine","unicode":"b3lineicon|b3icon-wine|&#xea05;|Wine","name":"b3icon-wine","styles":["b3lineicon"],"is_divi_icon":false,"font_weight":400},{"search_terms":"b3icon-ice-cream","unicode":"b3lineicon|b3icon-ice-cream|&#xea06;|Ice Cream","name":"b3icon-ice-cream","styles":["b3lineicon"],"is_divi_icon":false,"font_weight":400},{"search_terms":"b3icon-prawn","unicode":"b3lineicon|b3icon-prawn|&#xea07;|Prawn","name":"b3icon-prawn","styles":["b3lineicon"],"is_divi_icon":false,"font_weight":400},{"search_terms":"b3icon-noodles","unicode":"b3lineicon|b3icon-noodles|&#xea08;|Noodles","name":"b3icon-noodles","styles":["b3lineicon"],"is_divi_icon":false,"font_weight":400},{"search_terms":"b3icon-sushi","unicode":"b3lineicon|b3icon-sushi|&#xea09;|Sushi","name":"b3icon-sushi","styles":["b3lineicon"],"is_divi_icon":false,"font_weight":400},{"search_terms":"b3icon-fish","unicode":"b3lineicon|b3icon-fish|&#xea0a;|Fish","name":"b3icon-fish","styles":["b3lineicon"],"is_divi_icon":false,"font_weight":400},{"search_terms":"b3icon-bread","unicode":"b3lineicon|b3icon-bread|&#xea0b;|Bread","name":"b3icon-bread","styles":["b3lineicon"],"is_divi_icon":false,"font_weight":400},{"search_terms":"b3icon-egg","unicode":"b3lineicon|b3icon-egg|&#xea0c;|Egg","name":"b3icon-egg","styles":["b3lineicon"],"is_divi_icon":false,"font_weight":400},{"search_terms":"b3icon-chicken-leg","unicode":"b3lineicon|b3icon-chicken-leg|&#xea0d;|Chicken Leg","name":"b3icon-chicken-leg","styles":["b3lineicon"],"is_divi_icon":false,"font_weight":400},{"search_terms":"b3icon-shop","unicode":"b3lineicon|b3icon-shop|&#xea0e;|Shop","name":"b3icon-shop","styles":["b3lineicon"],"is_divi_icon":false,"font_weight":400},{"search_terms":"b3icon-credit-card","unicode":"b3lineicon|b3icon-credit-card|&#xea0f;|Credit Card","name":"b3icon-credit-card","styles":["b3lineicon"],"is_divi_icon":false,"font_weight":400},{"search_terms":"b3icon-shopping-bag","unicode":"b3lineicon|b3icon-shopping-bag|&#xea10;|Shopping Bag","name":"b3icon-shopping-bag","styles":["b3lineicon"],"is_divi_icon":false,"font_weight":400},{"search_terms":"b3icon-cursor-click","unicode":"b3lineicon|b3icon-cursor-click|&#xea11;|Cursor Click","name":"b3icon-cursor-click","styles":["b3lineicon"],"is_divi_icon":false,"font_weight":400},{"search_terms":"b3icon-shield-check","unicode":"b3lineicon|b3icon-shield-check|&#xea12;|Shield Check","name":"b3icon-shield-check","styles":["b3lineicon"],"is_divi_icon":false,"font_weight":400},{"search_terms":"b3icon-diamond","unicode":"b3lineicon|b3icon-diamond|&#xea13;|Diamond","name":"b3icon-diamond","styles":["b3lineicon"],"is_divi_icon":false,"font_weight":400},{"search_terms":"b3icon-tag","unicode":"b3lineicon|b3icon-tag|&#xea14;|Tag","name":"b3icon-tag","styles":["b3lineicon"],"is_divi_icon":false,"font_weight":400},{"search_terms":"b3icon-tag","unicode":"b3lineicon|b3icon-tag|&#xea15;|Tag","name":"b3icon-tag","styles":["b3lineicon"],"is_divi_icon":false,"font_weight":400},{"search_terms":"b3icon-wallet","unicode":"b3lineicon|b3icon-wallet|&#xea16;|Wallet","name":"b3icon-wallet","styles":["b3lineicon"],"is_divi_icon":false,"font_weight":400},{"search_terms":"b3icon-user-talk","unicode":"b3lineicon|b3icon-user-talk|&#xea17;|User Talk","name":"b3icon-user-talk","styles":["b3lineicon"],"is_divi_icon":false,"font_weight":400},{"search_terms":"b3icon-cart","unicode":"b3lineicon|b3icon-cart|&#xea18;|Cart","name":"b3icon-cart","styles":["b3lineicon"],"is_divi_icon":false,"font_weight":400},{"search_terms":"b3icon-cart-delete","unicode":"b3lineicon|b3icon-cart-delete|&#xea19;|Cart Delete","name":"b3icon-cart-delete","styles":["b3lineicon"],"is_divi_icon":false,"font_weight":400},{"search_terms":"b3icon-cart-add","unicode":"b3lineicon|b3icon-cart-add|&#xea1a;|Cart Add","name":"b3icon-cart-add","styles":["b3lineicon"],"is_divi_icon":false,"font_weight":400},{"search_terms":"b3icon-price-cut","unicode":"b3lineicon|b3icon-price-cut|&#xea1b;|Price Cut","name":"b3icon-price-cut","styles":["b3lineicon"],"is_divi_icon":false,"font_weight":400},{"search_terms":"b3icon-hanger","unicode":"b3lineicon|b3icon-hanger|&#xea1c;|Hanger","name":"b3icon-hanger","styles":["b3lineicon"],"is_divi_icon":false,"font_weight":400},{"search_terms":"b3icon-gift","unicode":"b3lineicon|b3icon-gift|&#xea1d;|Gift","name":"b3icon-gift","styles":["b3lineicon"],"is_divi_icon":false,"font_weight":400},{"search_terms":"b3icon-star","unicode":"b3lineicon|b3icon-star|&#xea1e;|Star","name":"b3icon-star","styles":["b3lineicon"],"is_divi_icon":false,"font_weight":400},{"search_terms":"b3icon-computer-click","unicode":"b3lineicon|b3icon-computer-click|&#xea1f;|Computer Click","name":"b3icon-computer-click","styles":["b3lineicon"],"is_divi_icon":false,"font_weight":400},{"search_terms":"b3icon-computer-cart","unicode":"b3lineicon|b3icon-computer-cart|&#xea20;|Computer Cart","name":"b3icon-computer-cart","styles":["b3lineicon"],"is_divi_icon":false,"font_weight":400},{"search_terms":"b3icon-browser-cart","unicode":"b3lineicon|b3icon-browser-cart|&#xea21;|Browser Cart","name":"b3icon-browser-cart","styles":["b3lineicon"],"is_divi_icon":false,"font_weight":400},{"search_terms":"b3icon-badge-discount","unicode":"b3lineicon|b3icon-badge-discount|&#xea22;|Badge Discount","name":"b3icon-badge-discount","styles":["b3lineicon"],"is_divi_icon":false,"font_weight":400},{"search_terms":"b3icon-badge-free","unicode":"b3lineicon|b3icon-badge-free|&#xea23;|Badge Free","name":"b3icon-badge-free","styles":["b3lineicon"],"is_divi_icon":false,"font_weight":400},{"search_terms":"b3icon-badge-new","unicode":"b3lineicon|b3icon-badge-new|&#xea24;|Badge New","name":"b3icon-badge-new","styles":["b3lineicon"],"is_divi_icon":false,"font_weight":400},{"search_terms":"b3icon-badge-sale","unicode":"b3lineicon|b3icon-badge-sale|&#xea25;|Badge Sale","name":"b3icon-badge-sale","styles":["b3lineicon"],"is_divi_icon":false,"font_weight":400},{"search_terms":"b3icon-24hours","unicode":"b3lineicon|b3icon-24hours|&#xea26;|24 Hours","name":"b3icon-24hours","styles":["b3lineicon"],"is_divi_icon":false,"font_weight":400},{"search_terms":"b3icon-globe","unicode":"b3lineicon|b3icon-globe|&#xea27;|Globe","name":"b3icon-globe","styles":["b3lineicon"],"is_divi_icon":false,"font_weight":400},{"search_terms":"b3icon-globe-phone","unicode":"b3lineicon|b3icon-globe-phone|&#xea28;|Globe Phone","name":"b3icon-globe-phone","styles":["b3lineicon"],"is_divi_icon":false,"font_weight":400},{"search_terms":"b3icon-basket","unicode":"b3lineicon|b3icon-basket|&#xea29;|Basket","name":"b3icon-basket","styles":["b3lineicon"],"is_divi_icon":false,"font_weight":400},{"search_terms":"b3icon-basket-add","unicode":"b3lineicon|b3icon-basket-add|&#xea2a;|Basket Add","name":"b3icon-basket-add","styles":["b3lineicon"],"is_divi_icon":false,"font_weight":400},{"search_terms":"b3icon-tshirt","unicode":"b3lineicon|b3icon-tshirt|&#xea2b;|T-Shirt","name":"b3icon-tshirt","styles":["b3lineicon"],"is_divi_icon":false,"font_weight":400},{"search_terms":"b3icon-book-open","unicode":"b3lineicon|b3icon-book-open|&#xea2c;|Book Open","name":"b3icon-book-open","styles":["b3lineicon"],"is_divi_icon":false,"font_weight":400},{"search_terms":"b3icon-board","unicode":"b3lineicon|b3icon-board|&#xea2d;|Board","name":"b3icon-board","styles":["b3lineicon"],"is_divi_icon":false,"font_weight":400},{"search_terms":"b3icon-presentation","unicode":"b3lineicon|b3icon-presentation|&#xea2e;|Presentation","name":"b3icon-presentation","styles":["b3lineicon"],"is_divi_icon":false,"font_weight":400},{"search_terms":"b3icon-head-question","unicode":"b3lineicon|b3icon-head-question|&#xea2f;|Head Question","name":"b3icon-head-question","styles":["b3lineicon"],"is_divi_icon":false,"font_weight":400},{"search_terms":"b3icon-head-idea","unicode":"b3lineicon|b3icon-head-idea|&#xea30;|Head Idea","name":"b3icon-head-idea","styles":["b3lineicon"],"is_divi_icon":false,"font_weight":400},{"search_terms":"b3icon-pencil-brush","unicode":"b3lineicon|b3icon-pencil-brush|&#xea31;|Pencil Brush","name":"b3icon-pencil-brush","styles":["b3lineicon"],"is_divi_icon":false,"font_weight":400},{"search_terms":"b3icon-files-text","unicode":"b3lineicon|b3icon-files-text|&#xea32;|Files Text","name":"b3icon-files-text","styles":["b3lineicon"],"is_divi_icon":false,"font_weight":400},{"search_terms":"b3icon-medal","unicode":"b3lineicon|b3icon-medal|&#xea33;|Medal","name":"b3icon-medal","styles":["b3lineicon"],"is_divi_icon":false,"font_weight":400},{"search_terms":"b3icon-microscope","unicode":"b3lineicon|b3icon-microscope|&#xea34;|Microscope","name":"b3icon-microscope","styles":["b3lineicon"],"is_divi_icon":false,"font_weight":400},{"search_terms":"b3icon-head-gear","unicode":"b3lineicon|b3icon-head-gear|&#xea35;|Head Gear","name":"b3icon-head-gear","styles":["b3lineicon"],"is_divi_icon":false,"font_weight":400},{"search_terms":"b3icon-diploma","unicode":"b3lineicon|b3icon-diploma|&#xea36;|Diploma","name":"b3icon-diploma","styles":["b3lineicon"],"is_divi_icon":false,"font_weight":400},{"search_terms":"b3icon-desk-globe","unicode":"b3lineicon|b3icon-desk-globe|&#xea37;|Desk Globe","name":"b3icon-desk-globe","styles":["b3lineicon"],"is_divi_icon":false,"font_weight":400},{"search_terms":"b3icon-ruler","unicode":"b3lineicon|b3icon-ruler|&#xea38;|Ruler","name":"b3icon-ruler","styles":["b3lineicon"],"is_divi_icon":false,"font_weight":400},{"search_terms":"b3icon-calculator","unicode":"b3lineicon|b3icon-calculator|&#xea39;|Calculator","name":"b3icon-calculator","styles":["b3lineicon"],"is_divi_icon":false,"font_weight":400},{"search_terms":"b3icon-abacus","unicode":"b3lineicon|b3icon-abacus|&#xea3a;|Abacus","name":"b3icon-abacus","styles":["b3lineicon"],"is_divi_icon":false,"font_weight":400},{"search_terms":"b3icon-lego-head","unicode":"b3lineicon|b3icon-lego-head|&#xea3b;|Lego Head","name":"b3icon-lego-head","styles":["b3lineicon"],"is_divi_icon":false,"font_weight":400},{"search_terms":"b3icon-flask","unicode":"b3lineicon|b3icon-flask|&#xea3c;|Flask","name":"b3icon-flask","styles":["b3lineicon"],"is_divi_icon":false,"font_weight":400},{"search_terms":"b3icon-molecule","unicode":"b3lineicon|b3icon-molecule|&#xea3d;|Molecule","name":"b3icon-molecule","styles":["b3lineicon"],"is_divi_icon":false,"font_weight":400},{"search_terms":"b3icon-atom","unicode":"b3lineicon|b3icon-atom|&#xea3e;|Atom","name":"b3icon-atom","styles":["b3lineicon"],"is_divi_icon":false,"font_weight":400},{"search_terms":"b3icon-blocks-alphabet","unicode":"b3lineicon|b3icon-blocks-alphabet|&#xea3f;|Blocks Alphabet","name":"b3icon-blocks-alphabet","styles":["b3lineicon"],"is_divi_icon":false,"font_weight":400},{"search_terms":"b3icon-books-apple","unicode":"b3lineicon|b3icon-books-apple|&#xea40;|Books Apple","name":"b3icon-books-apple","styles":["b3lineicon"],"is_divi_icon":false,"font_weight":400},{"search_terms":"b3icon-graduation","unicode":"b3lineicon|b3icon-graduation|&#xea41;|Graduation","name":"b3icon-graduation","styles":["b3lineicon"],"is_divi_icon":false,"font_weight":400},{"search_terms":"b3icon-palette","unicode":"b3lineicon|b3icon-palette|&#xea42;|Palette","name":"b3icon-palette","styles":["b3lineicon"],"is_divi_icon":false,"font_weight":400},{"search_terms":"b3icon-handshake","unicode":"b3lineicon|b3icon-handshake|&#xea43;|Handshake","name":"b3icon-handshake","styles":["b3lineicon"],"is_divi_icon":false,"font_weight":400},{"search_terms":"b3icon-pencil-case","unicode":"b3lineicon|b3icon-pencil-case|&#xea44;|Pencil Case","name":"b3icon-pencil-case","styles":["b3lineicon"],"is_divi_icon":false,"font_weight":400},{"search_terms":"b3icon-presentation-graph","unicode":"b3lineicon|b3icon-presentation-graph|&#xea45;|Presentation Graph","name":"b3icon-presentation-graph","styles":["b3lineicon"],"is_divi_icon":false,"font_weight":400},{"search_terms":"b3icon-conference","unicode":"b3lineicon|b3icon-conference|&#xea46;|Konference","name":"b3icon-conference","styles":["b3lineicon"],"is_divi_icon":false,"font_weight":400},{"search_terms":"b3icon-knowledge","unicode":"b3lineicon|b3icon-knowledge|&#xea47;|kKnowledge","name":"b3icon-knowledge","styles":["b3lineicon"],"is_divi_icon":false,"font_weight":400},{"search_terms":"b3icon-checklist","unicode":"b3lineicon|b3icon-checklist|&#xea48;|Checklist","name":"b3icon-checklist","styles":["b3lineicon"],"is_divi_icon":false,"font_weight":400},{"search_terms":"b3icon-quill","unicode":"b3lineicon|b3icon-quill|&#xea49;|Quill","name":"b3icon-quill","styles":["b3lineicon"],"is_divi_icon":false,"font_weight":400},{"search_terms":"b3icon-user-connection","unicode":"b3lineicon|b3icon-user-connection|&#xea4a;|User Connection","name":"b3icon-user-connection","styles":["b3lineicon"],"is_divi_icon":false,"font_weight":400},{"search_terms":"b3icon-user-talk-2","unicode":"b3lineicon|b3icon-user-talk-2|&#xea4b;|User Talk 2","name":"b3icon-user-talk-2","styles":["b3lineicon"],"is_divi_icon":false,"font_weight":400},{"search_terms":"b3icon-user-switch","unicode":"b3lineicon|b3icon-user-switch|&#xea4c;|User Switch","name":"b3icon-user-switch","styles":["b3lineicon"],"is_divi_icon":false,"font_weight":400},{"search_terms":"b3icon-user-network","unicode":"b3lineicon|b3icon-user-network|&#xea4d;|User Network","name":"b3icon-user-network","styles":["b3lineicon"],"is_divi_icon":false,"font_weight":400},{"search_terms":"b3icon-user-cloud","unicode":"b3lineicon|b3icon-user-cloud|&#xea4e;|User Cloud","name":"b3icon-user-cloud","styles":["b3lineicon"],"is_divi_icon":false,"font_weight":400},{"search_terms":"b3icon-user-pin","unicode":"b3lineicon|b3icon-user-pin|&#xea4f;|User Pin","name":"b3icon-user-pin","styles":["b3lineicon"],"is_divi_icon":false,"font_weight":400},{"search_terms":"b3icon-search-user","unicode":"b3lineicon|b3icon-search-user|&#xea50;|Search User","name":"b3icon-search-user","styles":["b3lineicon"],"is_divi_icon":false,"font_weight":400},{"search_terms":"b3icon-user-slider","unicode":"b3lineicon|b3icon-user-slider|&#xea51;|User Slider","name":"b3icon-user-slider","styles":["b3lineicon"],"is_divi_icon":false,"font_weight":400},{"search_terms":"b3icon-user-id","unicode":"b3lineicon|b3icon-user-id|&#xea52;|User ID","name":"b3icon-user-id","styles":["b3lineicon"],"is_divi_icon":false,"font_weight":400},{"search_terms":"b3icon-group-round","unicode":"b3lineicon|b3icon-group-round|&#xea53;|Group Round","name":"b3icon-group-round","styles":["b3lineicon"],"is_divi_icon":false,"font_weight":400},{"search_terms":"b3icon-user-lock","unicode":"b3lineicon|b3icon-user-lock|&#xea54;|User Lock","name":"b3icon-user-lock","styles":["b3lineicon"],"is_divi_icon":false,"font_weight":400},{"search_terms":"b3icon-user-heart","unicode":"b3lineicon|b3icon-user-heart|&#xea55;|User Heart","name":"b3icon-user-heart","styles":["b3lineicon"],"is_divi_icon":false,"font_weight":400},{"search_terms":"b3icon-user-key","unicode":"b3lineicon|b3icon-user-key|&#xea56;|User Key","name":"b3icon-user-key","styles":["b3lineicon"],"is_divi_icon":false,"font_weight":400},{"search_terms":"b3icon-user-add","unicode":"b3lineicon|b3icon-user-add|&#xea57;|User Add","name":"b3icon-user-add","styles":["b3lineicon"],"is_divi_icon":false,"font_weight":400},{"search_terms":"b3icon-user-delete","unicode":"b3lineicon|b3icon-user-delete|&#xea58;|User Delete","name":"b3icon-user-delete","styles":["b3lineicon"],"is_divi_icon":false,"font_weight":400},{"search_terms":"b3icon-user-laptop","unicode":"b3lineicon|b3icon-user-laptop|&#xea59;|User Laptop","name":"b3icon-user-laptop","styles":["b3lineicon"],"is_divi_icon":false,"font_weight":400},{"search_terms":"b3icon-lifebuoy","unicode":"b3lineicon|b3icon-lifebuoy|&#xea5a;|Lifebuoy","name":"b3icon-lifebuoy","styles":["b3lineicon"],"is_divi_icon":false,"font_weight":400},{"search_terms":"b3icon-phone-book","unicode":"b3lineicon|b3icon-phone-book|&#xea5b;|Phone Book","name":"b3icon-phone-book","styles":["b3lineicon"],"is_divi_icon":false,"font_weight":400},{"search_terms":"b3icon-contact-book","unicode":"b3lineicon|b3icon-contact-book|&#xea5c;|Contact Book","name":"b3icon-contact-book","styles":["b3lineicon"],"is_divi_icon":false,"font_weight":400},{"search_terms":"b3icon-user-check","unicode":"b3lineicon|b3icon-user-check|&#xea5d;|User Check","name":"b3icon-user-check","styles":["b3lineicon"],"is_divi_icon":false,"font_weight":400},{"search_terms":"b3icon-user-rating","unicode":"b3lineicon|b3icon-user-rating|&#xea5e;|User Rating","name":"b3icon-user-rating","styles":["b3lineicon"],"is_divi_icon":false,"font_weight":400},{"search_terms":"b3icon-student","unicode":"b3lineicon|b3icon-student|&#xea5f;|Student","name":"b3icon-student","styles":["b3lineicon"],"is_divi_icon":false,"font_weight":400},{"search_terms":"b3icon-lecture","unicode":"b3lineicon|b3icon-lecture|&#xea60;|Lecturep","name":"b3icon-lecture","styles":["b3lineicon"],"is_divi_icon":false,"font_weight":400},{"search_terms":"b3icon-user-question","unicode":"b3lineicon|b3icon-user-question|&#xea61;|User Question","name":"b3icon-user-question","styles":["b3lineicon"],"is_divi_icon":false,"font_weight":400},{"search_terms":"b3icon-user-arrows","unicode":"b3lineicon|b3icon-user-arrows|&#xea62;|User Arrows","name":"b3icon-user-arrows","styles":["b3lineicon"],"is_divi_icon":false,"font_weight":400},{"search_terms":"b3icon-user-support","unicode":"b3lineicon|b3icon-user-support|&#xea63;|User Support","name":"b3icon-user-support","styles":["b3lineicon"],"is_divi_icon":false,"font_weight":400},{"search_terms":"b3icon-user-shield","unicode":"b3lineicon|b3icon-user-shield|&#xea64;|User Shield","name":"b3icon-user-shield","styles":["b3lineicon"],"is_divi_icon":false,"font_weight":400},{"search_terms":"b3icon-mustache-lens","unicode":"b3lineicon|b3icon-mustache-lens|&#xea65;|Mustache Lens","name":"b3icon-mustache-lens","styles":["b3lineicon"],"is_divi_icon":false,"font_weight":400},{"search_terms":"b3icon-boy","unicode":"b3lineicon|b3icon-boy|&#xea66;|Boy","name":"b3icon-boy","styles":["b3lineicon"],"is_divi_icon":false,"font_weight":400},{"search_terms":"b3icon-girl","unicode":"b3lineicon|b3icon-girl|&#xea67;|Girl","name":"b3icon-girl","styles":["b3lineicon"],"is_divi_icon":false,"font_weight":400}]