[{"search_terms":"hl-bauble-01","unicode":"b3holidayicon|hl-bauble-01|&#xe900;|Bauble","name":"hl-bauble-01","styles":["b3holidayicon"],"is_divi_icon":false,"font_weight":400},{"search_terms":"hl-candle-01","unicode":"b3holidayicon|hl-candle-01|&#xe901;|Candle","name":"hl-candle-01","styles":["b3holidayicon"],"is_divi_icon":false,"font_weight":400},{"search_terms":"hl-gift-box","unicode":"b3holidayicon|hl-gift-box|&#xe902;|Gift Box","name":"hl-gift-box","styles":["b3holidayicon"],"is_divi_icon":false,"font_weight":400},{"search_terms":"hl-dog","unicode":"b3holidayicon|hl-dog|&#xe903;|Dog","name":"hl-dog","styles":["b3holidayicon"],"is_divi_icon":false,"font_weight":400},{"search_terms":"hl-shopping-bag","unicode":"b3holidayicon|hl-shopping-bag|&#xe904;|Shopping Bag","name":"hl-shopping-bag","styles":["b3holidayicon"],"is_divi_icon":false,"font_weight":400},{"search_terms":"hl-star","unicode":"b3holidayicon|hl-star|&#xe905;|Star","name":"hl-star","styles":["b3holidayicon"],"is_divi_icon":false,"font_weight":400},{"search_terms":"hl-glove","unicode":"b3holidayicon|hl-glove|&#xe906;|Glove","name":"hl-glove","styles":["b3holidayicon"],"is_divi_icon":false,"font_weight":400},{"search_terms":"hl-santa-hat","unicode":"b3holidayicon|hl-santa-hat|&#xe907;|Santa Hat","name":"hl-santa-hat","styles":["b3holidayicon"],"is_divi_icon":false,"font_weight":400},{"search_terms":"hl-christmas-tree","unicode":"b3holidayicon|hl-christmas-tree|&#xe908;|Christmas Tree","name":"hl-christmas-tree","styles":["b3holidayicon"],"is_divi_icon":false,"font_weight":400},{"search_terms":"hl-gingerbread","unicode":"b3holidayicon|hl-gingerbread|&#xe909;|Gingerbread","name":"hl-gingerbread","styles":["b3holidayicon"],"is_divi_icon":false,"font_weight":400},{"search_terms":"hl-snowman","unicode":"b3holidayicon|hl-snowman|&#xe90a;|Snowman","name":"hl-snowman","styles":["b3holidayicon"],"is_divi_icon":false,"font_weight":400},{"search_terms":"hl-reindeer","unicode":"b3holidayicon|hl-reindeer|&#xe90b;|Reindeer","name":"hl-reindeer","styles":["b3holidayicon"],"is_divi_icon":false,"font_weight":400},{"search_terms":"hl-gnome","unicode":"b3holidayicon|hl-gnome|&#xe90c;|Gnome","name":"hl-gnome","styles":["b3holidayicon"],"is_divi_icon":false,"font_weight":400},{"search_terms":"hl-christmas-ball","unicode":"b3holidayicon|hl-christmas-ball|&#xe90d;|Christmas Ball","name":"hl-christmas-ball","styles":["b3holidayicon"],"is_divi_icon":false,"font_weight":400},{"search_terms":"hl-christmas-letter","unicode":"b3holidayicon|hl-christmas-letter|&#xe90e;|Christmas Letter","name":"hl-christmas-letter","styles":["b3holidayicon"],"is_divi_icon":false,"font_weight":400},{"search_terms":"hl-lavender","unicode":"b3holidayicon|hl-lavender|&#xe90f;|Lavender","name":"hl-lavender","styles":["b3holidayicon"],"is_divi_icon":false,"font_weight":400},{"search_terms":"hl-christmas-chick","unicode":"b3holidayicon|hl-christmas-chick|&#xe910;|Christmas Chick","name":"hl-christmas-chick","styles":["b3holidayicon"],"is_divi_icon":false,"font_weight":400},{"search_terms":"hl-house","unicode":"b3holidayicon|hl-house|&#xe911;|House","name":"hl-house","styles":["b3holidayicon"],"is_divi_icon":false,"font_weight":400},{"search_terms":"hl-bell","unicode":"b3holidayicon|hl-bell|&#xe912;|Bell","name":"hl-bell","styles":["b3holidayicon"],"is_divi_icon":false,"font_weight":400},{"search_terms":"hl-sleigh","unicode":"b3holidayicon|hl-sleigh|&#xe913;|Sleigh","name":"hl-sleigh","styles":["b3holidayicon"],"is_divi_icon":false,"font_weight":400},{"search_terms":"hl-santa","unicode":"b3holidayicon|hl-santa|&#xe914;|Santa","name":"hl-santa","styles":["b3holidayicon"],"is_divi_icon":false,"font_weight":400},{"search_terms":"hl-dish","unicode":"b3holidayicon|hl-dish|&#xe915;|Dish","name":"hl-dish","styles":["b3holidayicon"],"is_divi_icon":false,"font_weight":400},{"search_terms":"hl-santas-beard","unicode":"b3holidayicon|hl-santas-beard|&#xe916;|Santas Beard","name":"hl-santas-beard","styles":["b3holidayicon"],"is_divi_icon":false,"font_weight":400},{"search_terms":"hl-angel","unicode":"b3holidayicon|hl-angel|&#xe917;|Angel","name":"hl-angel","styles":["b3holidayicon"],"is_divi_icon":false,"font_weight":400},{"search_terms":"hl-christmas-bow","unicode":"b3holidayicon|hl-christmas-bow|&#xe918;|Christmas Bow","name":"hl-christmas-bow","styles":["b3holidayicon"],"is_divi_icon":false,"font_weight":400},{"search_terms":"hl-christmas-sock","unicode":"b3holidayicon|hl-christmas-sock|&#xe919;|Christmas Sock","name":"hl-christmas-sock","styles":["b3holidayicon"],"is_divi_icon":false,"font_weight":400},{"search_terms":"hl-candy-01","unicode":"b3holidayicon|hl-candy-01|&#xe91a;|Candy 01","name":"hl-candy-01","styles":["b3holidayicon"],"is_divi_icon":false,"font_weight":400},{"search_terms":"hl-bauble-02","unicode":"b3holidayicon|hl-bauble-02|&#xe91b;|Bauble 02","name":"hl-bauble-02","styles":["b3holidayicon"],"is_divi_icon":false,"font_weight":400},{"search_terms":"hl-hat-01","unicode":"b3holidayicon|hl-hat-01|&#xe91c;|Hat 01","name":"hl-hat-01","styles":["b3holidayicon"],"is_divi_icon":false,"font_weight":400},{"search_terms":"hl-lights","unicode":"b3holidayicon|hl-lights|&#xe91d;|Lights","name":"hl-lights","styles":["b3holidayicon"],"is_divi_icon":false,"font_weight":400},{"search_terms":"hl-confetti","unicode":"b3holidayicon|hl-confetti|&#xe91e;|Confetti","name":"hl-confetti","styles":["b3holidayicon"],"is_divi_icon":false,"font_weight":400},{"search_terms":"hl-glasses","unicode":"b3holidayicon|hl-glasses|&#xe91f;|Glasses","name":"hl-glasses","styles":["b3holidayicon"],"is_divi_icon":false,"font_weight":400},{"search_terms":"hl-fireworks-01","unicode":"b3holidayicon|hl-fireworks-01|&#xe920;|Fireworks 01","name":"hl-fireworks-01","styles":["b3holidayicon"],"is_divi_icon":false,"font_weight":400},{"search_terms":"hl-clock","unicode":"b3holidayicon|hl-clock|&#xe921;|Clock","name":"hl-clock","styles":["b3holidayicon"],"is_divi_icon":false,"font_weight":400},{"search_terms":"hl-fireworks-02","unicode":"b3holidayicon|hl-fireworks-02|&#xe922;|Fireworks 02","name":"hl-fireworks-02","styles":["b3holidayicon"],"is_divi_icon":false,"font_weight":400},{"search_terms":"hl-lollipops","unicode":"b3holidayicon|hl-lollipops|&#xe923;|Lollipops","name":"hl-lollipops","styles":["b3holidayicon"],"is_divi_icon":false,"font_weight":400},{"search_terms":"hl-champagne","unicode":"b3holidayicon|hl-champagne|&#xe924;|Champagne","name":"hl-champagne","styles":["b3holidayicon"],"is_divi_icon":false,"font_weight":400},{"search_terms":"hl-mask","unicode":"b3holidayicon|hl-mask|&#xe925;|Mask","name":"hl-mask","styles":["b3holidayicon"],"is_divi_icon":false,"font_weight":400},{"search_terms":"hl-fireworks-03","unicode":"b3holidayicon|hl-fireworks-03|&#xe926;|Fireworks 03","name":"hl-fireworks-03","styles":["b3holidayicon"],"is_divi_icon":false,"font_weight":400},{"search_terms":"hl-fireworks-04","unicode":"b3holidayicon|hl-fireworks-04|&#xe927;|Fireworks 04","name":"hl-fireworks-04","styles":["b3holidayicon"],"is_divi_icon":false,"font_weight":400},{"search_terms":"hl-moon","unicode":"b3holidayicon|hl-moon|&#xe928;|Moon","name":"hl-moon","styles":["b3holidayicon"],"is_divi_icon":false,"font_weight":400},{"search_terms":"hl-eye","unicode":"b3holidayicon|hl-eye|&#xe929;|Eye","name":"hl-eye","styles":["b3holidayicon"],"is_divi_icon":false,"font_weight":400},{"search_terms":"hl-bones","unicode":"b3holidayicon|hl-bones|&#xe92a;|Bones","name":"hl-bones","styles":["b3holidayicon"],"is_divi_icon":false,"font_weight":400},{"search_terms":"hl-grave-01","unicode":"b3holidayicon|hl-grave-01|&#xe92b;|Grave 01","name":"hl-grave-01","styles":["b3holidayicon"],"is_divi_icon":false,"font_weight":400},{"search_terms":"hl-candy-02","unicode":"b3holidayicon|hl-candy-02|&#xe92c;|Candy 02","name":"hl-candy-02","styles":["b3holidayicon"],"is_divi_icon":false,"font_weight":400},{"search_terms":"hl-monster-01","unicode":"b3holidayicon|hl-monster-01|&#xe92d;|Monster 01","name":"hl-monster-01","styles":["b3holidayicon"],"is_divi_icon":false,"font_weight":400},{"search_terms":"hl-pumpkin","unicode":"b3holidayicon|hl-pumpkin|&#xe92e;|Pumpkin","name":"hl-pumpkin","styles":["b3holidayicon"],"is_divi_icon":false,"font_weight":400},{"search_terms":"hl-skull","unicode":"b3holidayicon|hl-skull|&#xe92f;|Skull","name":"hl-skull","styles":["b3holidayicon"],"is_divi_icon":false,"font_weight":400},{"search_terms":"hl-ghost","unicode":"b3holidayicon|hl-ghost|&#xe930;|Ghost","name":"hl-ghost","styles":["b3holidayicon"],"is_divi_icon":false,"font_weight":400},{"search_terms":"hl-mixture","unicode":"b3holidayicon|hl-mixture|&#xe931;|Mixture","name":"hl-mixture","styles":["b3holidayicon"],"is_divi_icon":false,"font_weight":400},{"search_terms":"hl-chopper","unicode":"b3holidayicon|hl-chopper|&#xe932;|Chopper","name":"hl-chopper","styles":["b3holidayicon"],"is_divi_icon":false,"font_weight":400},{"search_terms":"hl-hat-02","unicode":"b3holidayicon|hl-hat-02|&#xe933;|Hat 02","name":"hl-hat-02","styles":["b3holidayicon"],"is_divi_icon":false,"font_weight":400},{"search_terms":"hl-monster-02","unicode":"b3holidayicon|hl-monster-02|&#xe934;|Monster 02","name":"hl-monster-02","styles":["b3holidayicon"],"is_divi_icon":false,"font_weight":400},{"search_terms":"hl-baba-yaga","unicode":"b3holidayicon|hl-baba-yaga|&#xe935;|Baba Yaga","name":"hl-baba-yaga","styles":["b3holidayicon"],"is_divi_icon":false,"font_weight":400},{"search_terms":"hl-grave-02","unicode":"b3holidayicon|hl-grave-02|&#xe936;|Grave 02","name":"hl-grave-02","styles":["b3holidayicon"],"is_divi_icon":false,"font_weight":400},{"search_terms":"hl-bat","unicode":"b3holidayicon|hl-bat|&#xe937;|Bat","name":"hl-bat","styles":["b3holidayicon"],"is_divi_icon":false,"font_weight":400},{"search_terms":"hl-monster-03","unicode":"b3holidayicon|hl-monster-03|&#xe938;|Monster 03","name":"hl-monster-03","styles":["b3holidayicon"],"is_divi_icon":false,"font_weight":400},{"search_terms":"hl-sack","unicode":"b3holidayicon|hl-sack|&#xe939;|Sack","name":"hl-sack","styles":["b3holidayicon"],"is_divi_icon":false,"font_weight":400},{"search_terms":"hl-spider","unicode":"b3holidayicon|hl-spider|&#xe93a;|Spider","name":"hl-spider","styles":["b3holidayicon"],"is_divi_icon":false,"font_weight":400},{"search_terms":"hl-broom","unicode":"b3holidayicon|hl-broom|&#xe93b;|Broom","name":"hl-broom","styles":["b3holidayicon"],"is_divi_icon":false,"font_weight":400},{"search_terms":"hl-delivery-01","unicode":"b3holidayicon|hl-delivery-01|&#xe93c;|Delivery 01","name":"hl-delivery-01","styles":["b3holidayicon"],"is_divi_icon":false,"font_weight":400},{"search_terms":"hl-money-sack","unicode":"b3holidayicon|hl-money-sack|&#xe93d;|Money Sack","name":"hl-money-sack","styles":["b3holidayicon"],"is_divi_icon":false,"font_weight":400},{"search_terms":"hl-coin","unicode":"b3holidayicon|hl-coin|&#xe93e;|Coin","name":"hl-coin","styles":["b3holidayicon"],"is_divi_icon":false,"font_weight":400},{"search_terms":"hl-label","unicode":"b3holidayicon|hl-label|&#xe93f;|Label","name":"hl-label","styles":["b3holidayicon"],"is_divi_icon":false,"font_weight":400},{"search_terms":"hl-shopping-cart","unicode":"b3holidayicon|hl-shopping-cart|&#xe940;|Shopping Cart","name":"hl-shopping-cart","styles":["b3holidayicon"],"is_divi_icon":false,"font_weight":400},{"search_terms":"hl-delivery-02","unicode":"b3holidayicon|hl-delivery-02|&#xe941;|Delivery 02","name":"hl-delivery-02","styles":["b3holidayicon"],"is_divi_icon":false,"font_weight":400},{"search_terms":"hl-credit-card","unicode":"b3holidayicon|hl-credit-card|&#xe942;|credit-card","name":"hl-credit-card","styles":["b3holidayicon"],"is_divi_icon":false,"font_weight":400},{"search_terms":"hl-open","unicode":"b3holidayicon|hl-open|&#xe943;|Open","name":"hl-open","styles":["b3holidayicon"],"is_divi_icon":false,"font_weight":400},{"search_terms":"hl-sale","unicode":"b3holidayicon|hl-sale|&#xe944;|Sale","name":"hl-sale","styles":["b3holidayicon"],"is_divi_icon":false,"font_weight":400},{"search_terms":"hl-shopping-bag1","unicode":"b3holidayicon|hl-shopping-bag1|&#xe945;|Shopping Bag1","name":"hl-shopping-bag1","styles":["b3holidayicon"],"is_divi_icon":false,"font_weight":400},{"search_terms":"hl-chicken-01","unicode":"b3holidayicon|hl-chicken-01|&#xe946;|Chicken 01","name":"hl-chicken-01","styles":["b3holidayicon"],"is_divi_icon":false,"font_weight":400},{"search_terms":"hl-rabbit","unicode":"b3holidayicon|hl-rabbit|&#xe947;|Rabbit","name":"hl-rabbit","styles":["b3holidayicon"],"is_divi_icon":false,"font_weight":400},{"search_terms":"hl-egg-01","unicode":"b3holidayicon|hl-egg-01|&#xe948;|Egg 01","name":"hl-egg-01","styles":["b3holidayicon"],"is_divi_icon":false,"font_weight":400},{"search_terms":"hl-candle-02","unicode":"b3holidayicon|hl-candle-02|&#xe949;|Candle 02","name":"hl-candle-02","styles":["b3holidayicon"],"is_divi_icon":false,"font_weight":400},{"search_terms":"hl-sheep","unicode":"b3holidayicon|hl-sheep|&#xe94a;|Sheep","name":"hl-sheep","styles":["b3holidayicon"],"is_divi_icon":false,"font_weight":400},{"search_terms":"hl-egg-02","unicode":"b3holidayicon|hl-egg-02|&#xe94b;|Egg 02","name":"hl-egg-02","styles":["b3holidayicon"],"is_divi_icon":false,"font_weight":400},{"search_terms":"hl-bird","unicode":"b3holidayicon|hl-bird|&#xe94c;|Bird","name":"hl-bird","styles":["b3holidayicon"],"is_divi_icon":false,"font_weight":400},{"search_terms":"hl-chicken-02","unicode":"b3holidayicon|hl-chicken-02|&#xe94d;|Chicken 02","name":"hl-chicken-02","styles":["b3holidayicon"],"is_divi_icon":false,"font_weight":400},{"search_terms":"hl-fish","unicode":"b3holidayicon|hl-fish|&#xe94e;|Fish","name":"hl-fish","styles":["b3holidayicon"],"is_divi_icon":false,"font_weight":400},{"search_terms":"hl-catkins","unicode":"b3holidayicon|hl-catkins|&#xe94f;|Catkins","name":"hl-catkins","styles":["b3holidayicon"],"is_divi_icon":false,"font_weight":400},{"search_terms":"hl-ice-cream","unicode":"b3holidayicon|hl-ice-cream|&#xe950;|Ice Cream","name":"hl-ice-cream","styles":["b3holidayicon"],"is_divi_icon":false,"font_weight":400},{"search_terms":"hl-fins","unicode":"b3holidayicon|hl-fins|&#xe951;|Fins","name":"hl-fins","styles":["b3holidayicon"],"is_divi_icon":false,"font_weight":400},{"search_terms":"hl-luggage","unicode":"b3holidayicon|hl-luggage|&#xe952;|Luggage","name":"hl-luggage","styles":["b3holidayicon"],"is_divi_icon":false,"font_weight":400},{"search_terms":"hl-sunglasses","unicode":"b3holidayicon|hl-sunglasses|&#xe953;|Sunglasses","name":"hl-sunglasses","styles":["b3holidayicon"],"is_divi_icon":false,"font_weight":400},{"search_terms":"hl-umbrella","unicode":"b3holidayicon|hl-umbrella|&#xe954;|Umbrella","name":"hl-umbrella","styles":["b3holidayicon"],"is_divi_icon":false,"font_weight":400},{"search_terms":"hl-hat-021","unicode":"b3holidayicon|hl-hat-021|&#xe955;|Hat 021","name":"hl-hat-021","styles":["b3holidayicon"],"is_divi_icon":false,"font_weight":400},{"search_terms":"hl-drink","unicode":"b3holidayicon|hl-drink|&#xe956;|Drink","name":"hl-drink","styles":["b3holidayicon"],"is_divi_icon":false,"font_weight":400},{"search_terms":"hl-slippers","unicode":"b3holidayicon|hl-slippers|&#xe957;|Slippers","name":"hl-slippers","styles":["b3holidayicon"],"is_divi_icon":false,"font_weight":400},{"search_terms":"hl-board-pass","unicode":"b3holidayicon|hl-board-pass|&#xe958;|Board Pass","name":"hl-board-pass","styles":["b3holidayicon"],"is_divi_icon":false,"font_weight":400},{"search_terms":"hl-sun","unicode":"b3holidayicon|hl-sun|&#xe959;|Sun","name":"hl-sun","styles":["b3holidayicon"],"is_divi_icon":false,"font_weight":400},{"search_terms":"hl-hat-03","unicode":"b3holidayicon|hl-hat-03|&#xe95a;|Hat 03","name":"hl-hat-03","styles":["b3holidayicon"],"is_divi_icon":false,"font_weight":400},{"search_terms":"hl-drum","unicode":"b3holidayicon|hl-drum|&#xe95b;|Drum","name":"hl-drum","styles":["b3holidayicon"],"is_divi_icon":false,"font_weight":400},{"search_terms":"hl-sousages","unicode":"b3holidayicon|hl-sousages|&#xe95c;|Sousages","name":"hl-sousages","styles":["b3holidayicon"],"is_divi_icon":false,"font_weight":400},{"search_terms":"hl-beer","unicode":"b3holidayicon|hl-beer|&#xe95d;|Beer","name":"hl-beer","styles":["b3holidayicon"],"is_divi_icon":false,"font_weight":400},{"search_terms":"hl-mustache","unicode":"b3holidayicon|hl-mustache|&#xe95e;|Mustache","name":"hl-mustache","styles":["b3holidayicon"],"is_divi_icon":false,"font_weight":400},{"search_terms":"hl-bavarian-costume-01","unicode":"b3holidayicon|hl-bavarian-costume-01|&#xe95f;|Bavarian Costume 01","name":"hl-bavarian-costume-01","styles":["b3holidayicon"],"is_divi_icon":false,"font_weight":400},{"search_terms":"hl-bavarian-costume-02","unicode":"b3holidayicon|hl-bavarian-costume-02|&#xe960;|Bavarian Costume 02","name":"hl-bavarian-costume-02","styles":["b3holidayicon"],"is_divi_icon":false,"font_weight":400},{"search_terms":"hl-trumpet","unicode":"b3holidayicon|hl-trumpet|&#xe961;|Trumpet","name":"hl-trumpet","styles":["b3holidayicon"],"is_divi_icon":false,"font_weight":400},{"search_terms":"hl-hot-dog","unicode":"b3holidayicon|hl-hot-dog|&#xe962;|Hot Dog","name":"hl-hot-dog","styles":["b3holidayicon"],"is_divi_icon":false,"font_weight":400},{"search_terms":"hl-brewery","unicode":"b3holidayicon|hl-brewery|&#xe963;|Brewery","name":"hl-brewery","styles":["b3holidayicon"],"is_divi_icon":false,"font_weight":400},{"search_terms":"hl-eye-hand","unicode":"b3holidayicon|hl-eye-hand|&#xe964;|Eye Hand","name":"hl-eye-hand","styles":["b3holidayicon"],"is_divi_icon":false,"font_weight":400},{"search_terms":"hl-laddu","unicode":"b3holidayicon|hl-laddu|&#xe965;|Laddu","name":"hl-laddu","styles":["b3holidayicon"],"is_divi_icon":false,"font_weight":400},{"search_terms":"hl-coins","unicode":"b3holidayicon|hl-coins|&#xe966;|Coins","name":"hl-coins","styles":["b3holidayicon"],"is_divi_icon":false,"font_weight":400},{"search_terms":"hl-fireworks-05","unicode":"b3holidayicon|hl-fireworks-05|&#xe967;|Fireworks 05","name":"hl-fireworks-05","styles":["b3holidayicon"],"is_divi_icon":false,"font_weight":400},{"search_terms":"hl-diwali","unicode":"b3holidayicon|hl-diwali|&#xe968;|Diwali","name":"hl-diwali","styles":["b3holidayicon"],"is_divi_icon":false,"font_weight":400},{"search_terms":"hl-cookie","unicode":"b3holidayicon|hl-cookie|&#xe969;|Cookie","name":"hl-cookie","styles":["b3holidayicon"],"is_divi_icon":false,"font_weight":400},{"search_terms":"hl-candle-03","unicode":"b3holidayicon|hl-candle-03|&#xe96a;|Candle 03","name":"hl-candle-03","styles":["b3holidayicon"],"is_divi_icon":false,"font_weight":400},{"search_terms":"hl-bamboo","unicode":"b3holidayicon|hl-bamboo|&#xe96b;|Bamboo","name":"hl-bamboo","styles":["b3holidayicon"],"is_divi_icon":false,"font_weight":400},{"search_terms":"hl-lantern-1","unicode":"b3holidayicon|hl-lantern-1|&#xe96c;|Lantern 1","name":"hl-lantern-1","styles":["b3holidayicon"],"is_divi_icon":false,"font_weight":400},{"search_terms":"hl-lantern-1","unicode":"b3holidayicon|hl-lantern-1|&#xe96c;|Lantern 1","name":"hl-lantern-1","styles":["b3holidayicon"],"is_divi_icon":false,"font_weight":400},{"search_terms":"hl-fan","unicode":"b3holidayicon|hl-fan|&#xe96e;|Fan","name":"hl-fan","styles":["b3holidayicon"],"is_divi_icon":false,"font_weight":400},{"search_terms":"hl-rooster","unicode":"b3holidayicon|hl-rooster|&#xe96f;|Rooster","name":"hl-rooster","styles":["b3holidayicon"],"is_divi_icon":false,"font_weight":400},{"search_terms":"hl-lotus","unicode":"b3holidayicon|hl-lotus|&#xe970;|Lotus","name":"hl-lotus","styles":["b3holidayicon"],"is_divi_icon":false,"font_weight":400},{"search_terms":"hl-rice","unicode":"b3holidayicon|hl-rice|&#xe971;|Rice","name":"hl-rice","styles":["b3holidayicon"],"is_divi_icon":false,"font_weight":400},{"search_terms":"hl-cloud","unicode":"b3holidayicon|hl-cloud|&#xe972;|Cloud","name":"hl-cloud","styles":["b3holidayicon"],"is_divi_icon":false,"font_weight":400},{"search_terms":"hl-decree","unicode":"b3holidayicon|hl-decree|&#xe973;|Decree","name":"hl-decree","styles":["b3holidayicon"],"is_divi_icon":false,"font_weight":400},{"search_terms":"hl-barbeque","unicode":"b3holidayicon|hl-barbeque|&#xe974;|Barbeque","name":"hl-barbeque","styles":["b3holidayicon"],"is_divi_icon":false,"font_weight":400},{"search_terms":"hl-decoration","unicode":"b3holidayicon|hl-decoration|&#xe975;|Decoration","name":"hl-decoration","styles":["b3holidayicon"],"is_divi_icon":false,"font_weight":400},{"search_terms":"hl-hat-031","unicode":"b3holidayicon|hl-hat-031|&#xe976;|Hat 031","name":"hl-hat-031","styles":["b3holidayicon"],"is_divi_icon":false,"font_weight":400},{"search_terms":"hl-balloons","unicode":"b3holidayicon|hl-balloons|&#xe977;|Balloons","name":"hl-balloons","styles":["b3holidayicon"],"is_divi_icon":false,"font_weight":400}]